OBJECTID,Shape_Area,Subcuencas,Tipo,Y1_count,Y1_sum,Y1_mean,Y1_median,Y1_stdev,Y1_min,Y1_max,Y1_varianc,Y2_count,Y2_sum,Y2_mean,Y2_median,Y2_stdev,Y2_min,Y2_max,Y2_varianc,Y3_count,Y3_sum,Y3_mean,Y3_median,Y3_stdev,Y3_min,Y3_max,Y3_varianc,Y4_count,Y4_sum,Y4_mean,Y4_median,Y4_stdev,Y4_min,Y4_max,Y4_varianc,Y5_count,Y5_sum,Y5_mean,Y5_median,Y5_stdev,Y5_min,Y5_max,Y5_varianc,Y6_count,Y6_sum,Y6_mean,Y6_median,Y6_stdev,Y6_min,Y6_max,Y6_varianc,Y7_count,Y7_sum,Y7_mean,Y7_median,Y7_stdev,Y7_min,Y7_max,Y7_varianc,Y8_count,Y8_sum,Y8_mean,Y8_median,Y8_stdev,Y8_min,Y8_max,Y8_varianc,Y9_count,Y9_sum,Y9_mean,Y9_median,Y9_stdev,Y9_min,Y9_max,Y9_varianc,Y10_count,Y10_sum,Y10_mean,Y10_median,Y10_stdev,Y10_min,Y10_max,Y10_varian,Y11_count,Y11_sum,Y11_mean,Y11_median,Y11_stdev,Y11_min,Y11_max,Y11_varian,Y12_count,Y12_sum,Y12_mean,Y12_median,Y12_stdev,Y12_min,Y12_max,Y12_varian,Y13_count,Y13_sum,Y13_mean,Y13_median,Y13_stdev,Y13_min,Y13_max,Y13_varian,Y14_count,Y14_sum,Y14_mean,Y14_median,Y14_stdev,Y14_min,Y14_max,Y14_varian,Y15_count,Y15_sum,Y15_mean,Y15_median,Y15_stdev,Y15_min,Y15_max,Y15_varian,Y16_count,Y16_sum,Y16_mean,Y16_median,Y16_stdev,Y16_min,Y16_max,Y16_varian,Y17_count,Y17_sum,Y17_mean,Y17_median,Y17_stdev,Y17_min,Y17_max,Y17_varian,Y18_count,Y18_sum,Y18_mean,Y18_median,Y18_stdev,Y18_min,Y18_max,Y18_varian,Y19_count,Y19_sum,Y19_mean,Y19_median,Y19_stdev,Y19_min,Y19_max,Y19_varian,Y20_count,Y20_sum,Y20_mean,Y20_median,Y20_stdev,Y20_min,Y20_max,Y20_varian,Y21_count,Y21_sum,Y21_mean,Y21_median,Y21_stdev,Y21_min,Y21_max,Y21_varian,Y22_count,Y22_sum,Y22_mean,Y22_median,Y22_stdev,Y22_min,Y22_max,Y22_varian,Y23_count,Y23_sum,Y23_mean,Y23_median,Y23_stdev,Y23_min,Y23_max,Y23_varian,Y24_count,Y24_sum,Y24_mean,Y24_median,Y24_stdev,Y24_min,Y24_max,Y24_varian,Y25_count,Y25_sum,Y25_mean,Y25_median,Y25_stdev,Y25_min,Y25_max,Y25_varian,Y26_count,Y26_sum,Y26_mean,Y26_median,Y26_stdev,Y26_min,Y26_max,Y26_varian,Y27_count,Y27_sum,Y27_mean,Y27_median,Y27_stdev,Y27_min,Y27_max,Y27_varian,Y28_count,Y28_sum,Y28_mean,Y28_median,Y28_stdev,Y28_min,Y28_max,Y28_varian,Y29_count,Y29_sum,Y29_mean,Y29_median,Y29_stdev,Y29_min,Y29_max,Y29_varian,Y30_count,Y30_sum,Y30_mean,Y30_median,Y30_stdev,Y30_min,Y30_max,Y30_varian,Y31_count,Y31_sum,Y31_mean,Y31_median,Y31_stdev,Y31_min,Y31_max,Y31_varian,Y32_count,Y32_sum,Y32_mean,Y32_median,Y32_stdev,Y32_min,Y32_max,Y32_varian,Y33_count,Y33_sum,Y33_mean,Y33_median,Y33_stdev,Y33_min,Y33_max,Y33_varian,Y34_count,Y34_sum,Y34_mean,Y34_median,Y34_stdev,Y34_min,Y34_max,Y34_varian,Y35_count,Y35_sum,Y35_mean,Y35_median,Y35_stdev,Y35_min,Y35_max,Y35_varian,Y36_count,Y36_sum,Y36_mean,Y36_median,Y36_stdev,Y36_min,Y36_max,Y36_varian,Y37_count,Y37_sum,Y37_mean,Y37_median,Y37_stdev,Y37_min,Y37_max,Y37_varian,Y38_count,Y38_sum,Y38_mean,Y38_median,Y38_stdev,Y38_min,Y38_max,Y38_varian,Y39_count,Y39_sum,Y39_mean,Y39_median,Y39_stdev,Y39_min,Y39_max,Y39_varian
19,38479136.53,De los Luises,2,0.311182077,4.078750619,13.10728003,10.47782731,5.146224712,4.814013481,16.07060432,26.48362879,0.311182077,969.2846484,3114.847291,3105.046997,238.0155398,2667.033691,3273.372314,56651.39717,0.311182077,51.38395846,165.125058,142.1563187,30.68235936,115.0389023,178.9174957,941.407176,0.311182077,12.32775899,39.61590308,39.22070313,9.189199173,28.63981056,52.28721619,84.44138145,0.311182077,12.32825414,39.61749428,34.34360218,11.63176615,19.94828033,45.67819214,135.2979838,0.311182077,111.4703924,358.2159796,324.1637268,51.75391953,269.3982849,380.705658,2678.468187,0.311182077,11.29865377,36.30881923,31.42192554,8.850748466,20.9426384,40.60773468,78.3357484,0.311182077,89.42709903,287.3786948,263.7847977,31.52966703,242.2603912,308.7366028,994.1199031,0.311182077,6.820314781,21.91744092,20.1524415,5.820150881,14.43255138,25.90252495,33.87415628,0.311182077,16.74941603,53.82513097,46.19745827,11.01940833,35.33647919,59.02280045,121.4273598,0.311182077,168.2200527,540.5840031,514.7975464,86.3652549,436.4561157,622.6410522,7458.957253,0.311182077,91.88573477,295.2796503,266.6065521,53.76056347,207.0957184,325.4677429,2890.198185,0.311182077,43.14150221,138.6374905,130.7903748,28.58967452,102.5153961,161.2173157,817.3694892,0.311182077,23.02231036,73.98340744,66.09363365,17.10587347,47.50082779,84.19745636,292.6109072,0.311182077,10.18136613,32.71835653,26.97724152,9.700816411,17.17987251,38.41932297,94.10583904,0.311182077,36.31590482,116.7030737,104.7955437,24.67292474,74.51291656,129.3265381,608.7532153,0.311182077,864.0254559,2776.591329,2707.279419,180.1210363,2479.327393,2871.950684,32443.5877,0.311182077,87.04161364,279.7128118,246.8567505,50.92540423,192.0046539,302.3132019,2593.396796,0.311182077,61.00095618,196.0297869,172.1447983,44.68660301,118.8674927,218.2724457,1996.892489,0.311182077,193.6843713,622.4149328,623.2863159,79.39921047,533.6636353,743.0936279,6304.234624,0.311182077,235.8410024,757.8874881,743.9630737,57.22421971,687.4854736,830.2237549,3274.611321,0.311182077,25.74324488,82.72727389,74.49899673,13.37464802,61.79782104,90.88539124,178.8812095,0.311182077,16.30850758,52.40824843,44.84262848,13.34879551,29.91497993,59.48303223,178.1903417,0.311182077,20.91321833,67.20572904,65.48779106,13.20868968,50.31143951,81.97116852,174.469483,0.311182077,76.42103983,245.5830382,215.4431839,46.70609631,173.0951385,274.4018555,2181.459432,0.311182077,22.05280591,70.86785378,62.69563866,15.21469294,46.00164413,79.47121429,231.4868812,0.311182077,170.1945291,546.9290872,502.5356293,66.96864753,432.5081177,576.8834839,4484.799752,0.311182077,81.55847565,262.092459,246.8430176,38.97106615,203.4544067,285.2921753,1518.743997,0.311182077,98.0740286,315.1660586,298.8292236,35.03640199,265.9203186,338.049469,1227.549465,0.311182077,32.23899565,103.6017112,87.82807159,30.06889785,49.52901459,116.1114883,904.1386181,0.311182077,181.3519783,582.784138,543.4601288,76.29363816,456.9812317,625.1065674,5820.719224,0.311182077,45.54146934,146.3499114,135.6618881,21.79046673,110.9154968,158.6573639,474.8244404,0.311182077,16.45495608,52.87886841,46.71718788,11.73991508,34.72158813,60.05009842,137.8256061,0.311182077,53.44514089,171.7487764,160.1844826,39.65218603,124.8657379,210.3736115,1572.295857,0.311182077,118.6881449,381.4106075,357.1904755,52.64276903,303.3067017,414.2239075,2771.261131,0.311182077,292.2646238,939.2077684,823.0870361,209.5204208,607.8756104,1064.36377,43898.80674,0.311182077,24.39330465,78.38916982,76.2681427,13.89974247,52.84253693,83.10121918,193.2028409,0.311182077,92.54939754,297.4123656,258.7391129,57.9695532,206.2737274,332.3146973,3360.469098,0.311182077,17.95138704,57.68772813,52.04174995,17.92325349,29.23900414,67.30999756,321.2430155
20,52527197.77,Chica,2,0.424733683,3.219278043,7.579521402,6.297453165,1.960686681,4.814013481,7.780892849,3.84429226,0.424733683,1298.543278,3057.311745,2876.381836,276.6988932,2667.033691,3085.72998,76562.27749,0.424733683,60.55228968,142.5653111,129.8042793,19.51564221,115.0389023,144.5696564,380.8602908,0.424733683,12.31620878,28.99748539,31.27468777,3.482560631,28.63981056,33.90956497,12.12822855,0.424733683,11.96840411,28.17860833,24.36309147,5.835128643,19.94828033,28.7779026,34.04872628,0.424733683,135.9291155,320.0337549,296.5595398,35.89947826,269.3982849,323.7207947,1288.772539,0.424733683,12.11624411,28.52668528,25.01077938,5.376928991,20.9426384,29.07892036,28.91136537,0.424733683,106.0233295,249.6230783,246.2097931,5.219989528,242.2603912,250.1591949,27.24829067,0.424733683,6.274274179,14.77225477,14.61477089,0.240842524,14.43255138,14.79699039,0.058005121,0.424733683,19.11043571,44.99392552,40.51680756,6.84692539,35.33647919,45.69713593,46.88038729,0.424733683,187.1258909,440.5722887,438.6640625,2.918279648,436.4561157,440.8720093,8.516356103,0.424733683,101.7079614,239.4629045,224.4577255,22.94765101,207.0957184,241.8197327,526.5946867,0.424733683,43.61298176,102.6831247,103.7509995,1.63311729,102.5153961,104.9866028,2.667072084,0.424733683,23.19662524,54.61451764,51.31666565,5.043455794,47.50082779,55.13250351,25.43644634,0.424733683,9.483073471,22.32710483,19.94088745,3.649278952,17.17987251,22.70190239,13.31723687,0.424733683,39.56040816,93.14167848,84.5055275,13.20739857,74.51291656,94.49813843,174.435377,0.424733683,1101.116669,2592.487274,2540.027222,80.2279646,2479.327393,2600.727051,6436.526304,0.424733683,102.3366346,240.943063,218.2555923,34.69629798,192.0046539,244.5065308,1203.833094,0.424733683,65.99607806,155.3822564,138.4542923,25.8881959,118.8674927,158.0410919,670.1986868,0.424733683,228.1746918,537.2182636,559.8494568,34.61023193,533.6636353,586.0352783,1197.868154,0.424733683,300.3000777,707.0314637,697.9700928,13.85769393,687.4854736,708.4547119,192.035681,0.424733683,28.84329445,67.90912891,65.07597351,4.332788146,61.79782104,68.35412598,18.77305312,0.424733683,16.79543903,39.54345909,35.07977009,6.826388274,29.91497993,40.24456024,46.59957687,0.424733683,21.52656793,50.68250714,53.04497719,3.612961799,50.31143951,55.77851486,13.05349296,0.424733683,82.24917781,193.6488229,184.1202927,14.57212791,173.0951385,195.1454468,212.3469119,0.424733683,23.34778329,54.97040666,50.81255722,6.358663121,46.00164413,55.62347031,40.43259669,0.424733683,210.6225931,495.8933124,466.5084229,44.93876376,432.5081177,500.508728,2019.492488,0.424733683,92.27812314,217.2611375,210.8604431,9.788680349,203.4544067,218.2664795,95.81826297,0.424733683,115.396638,271.6917506,269.0161591,4.091823355,265.9203186,272.1119995,16.74301837,0.424733683,34.46044128,81.13423219,66.48229599,22.40743146,49.52901459,83.43557739,502.0929846,0.424733683,214.1337451,504.1600266,482.2882996,33.44876873,456.9812317,507.5953674,1118.820129,0.424733683,52.36025129,123.2778406,117.5467529,8.764640491,110.9154968,124.178009,76.81892293,0.424733683,16.77866164,39.50395813,37.28688812,3.390599276,34.72158813,39.85218811,11.49616345,0.424733683,53.06850917,124.9453746,125.4523964,0.77539618,124.8657379,126.0390549,0.601239235,0.424733683,135.517297,319.0641627,311.7591248,11.17170692,303.3067017,320.2115479,124.8070355,0.424733683,300.7647278,708.1254435,661.6503906,71.07501342,607.8756104,715.4251709,5051.657533,0.424733683,29.07761218,68.46081044,61.22029877,11.07302591,52.84253693,69.59806061,122.6119028,0.424733683,99.86289719,235.1188548,221.7464752,20.4505858,206.2737274,237.219223,418.2264595,0.424733683,16.44415234,38.7163839,34.32274342,6.719261999,29.23900414,39.4064827,45.14848182
17,144421961.6,Q. Carnero,2,1.168207647,26.24718307,22.46790896,24.19524193,7.925543905,13.17476177,33.97893906,62.8142462,1.168207647,3744.078415,3204.976807,3214.480103,138.2086447,3078.101074,3456.099609,19101.62947,1.168207647,250.1890642,214.1648917,214.0570145,45.03425068,139.742981,275.2506714,2028.083735,1.168207647,62.49179722,53.49374092,57.19411278,15.97362495,44.53184128,84.23992157,255.156694,1.168207647,65.62591185,56.17658129,60.22554779,14.70518878,39.90930176,76.60353851,216.2425771,1.168207647,518.5535709,443.8881839,439.8514252,72.4078703,324.6066589,533.7588501,5242.899682,1.168207647,58.12670342,49.75716737,51.60377121,12.33376034,33.76493073,67.6673584,152.1216441,1.168207647,384.9655738,329.5352284,326.8979187,37.35935515,277.4104004,379.6067505,1395.721417,1.168207647,38.21527797,32.71274423,35.6786108,11.0908563,25.50789261,49.77288055,123.0070935,1.168207647,86.50663334,74.05073367,75.11534882,18.83161751,46.69778061,102.9057388,354.6298181,1.168207647,784.2430543,671.3216235,711.1066284,69.40554741,588.7230835,776.8877563,4817.130011,1.168207647,436.6365808,373.7662409,403.3990936,50.70556331,291.3933716,429.2181702,2571.054151,1.168207647,242.7227702,207.7736529,221.1993713,50.77461238,156.5941467,296.1082153,2578.061263,1.168207647,121.8983454,104.346471,110.2409592,25.02153641,77.05476379,140.6581268,626.0772841,1.168207647,62.01601602,53.08646641,55.80093575,16.91288275,31.25258064,82.8003006,286.0456031,1.168207647,187.2036896,160.2486425,181.8071899,31.72311157,115.0929489,192.6937714,1006.355808,1.168207647,3465.053944,2966.128456,2888.24353,119.4291781,2813.831787,3155.278564,14263.32859,1.168207647,404.503344,346.2597981,361.9952545,54.56693184,249.2069702,408.0849304,2977.550051,1.168207647,304.660034,260.7927065,280.0681763,46.7970485,186.2485046,319.5965271,2189.963748,1.168207647,847.9239268,725.8332274,738.6088867,57.28135877,660.5373535,833.6635132,3281.154062,1.168207647,963.7719946,825.000587,835.4169922,54.13834603,779.4714355,930.9413452,2930.960511,1.168207647,124.2459224,106.3560255,108.4833374,19.96974426,80.64386749,135.3802643,398.7906858,1.168207647,86.85530698,74.34920255,81.27799225,18.18040056,49.44069672,97.18148804,330.5269646,1.168207647,104.8514804,89.75414659,97.05783081,13.1863358,75.19706726,109.781189,173.8794519,1.168207647,375.8838429,321.761156,333.5120544,55.81913933,235.740921,397.3531494,3115.776315,1.168207647,112.2411756,96.07981588,101.4524918,17.9789149,69.76780701,123.2269974,323.2413808,1.168207647,746.9359221,639.3862632,632.3109436,78.04317346,504.5625305,731.3106689,6090.736923,1.168207647,374.0357007,320.1791236,336.3953705,41.02472419,275.4195557,379.3125916,1683.027995,1.168207647,434.8136994,372.2058321,389.4495392,39.06196928,325.5464478,427.0924377,1525.837444,1.168207647,162.2915611,138.9235565,151.4693985,28.1406322,92.2205658,173.0088654,791.8951805,1.168207647,789.4719184,675.797595,695.7926331,54.63563149,579.3248901,730.4462891,2985.052229,1.168207647,213.5774293,182.8248855,179.7004318,24.27931623,147.1457672,213.0404053,589.4851968,1.168207647,82.54728342,70.66148182,72.685215,12.08327377,53.58218765,89.37647247,146.0055049,1.168207647,271.2774294,232.2167896,250.7153702,39.98617196,194.3299103,296.6383667,1598.893948,1.168207647,528.0723918,452.0364107,471.5595703,36.46873247,394.1694031,492.4944763,1329.968448,1.168207647,1421.91034,1217.1726,1244.043945,168.9627897,930.7489014,1420.328613,28548.42432,1.168207647,103.5755133,88.66190318,84.91031647,15.88347779,78.92975616,116.9615707,252.2848667,1.168207647,433.1848463,370.811514,364.2279358,59.15538224,280.2590027,455.6663818,3499.359248,1.168207647,93.24206822,79.8163481,80.92235947,22.01306624,64.67701721,120.6913223,484.5750854
18,66779109.36,De Arcillas,2,0.540109863,8.623999735,15.96712138,16.07060432,3.054753016,13.17476177,20.46006775,9.331515991,0.540109863,1707.849594,3162.041118,3273.372314,129.3320696,3124.364014,3352.740234,16726.78423,0.540109863,95.60438357,177.0091424,178.9174957,37.96740859,139.742981,231.1585999,1441.524115,0.540109863,24.69843941,45.72854731,45.68751907,3.849239147,44.53184128,52.28721619,14.81664201,0.540109863,24.51799316,45.39445557,45.67819214,5.573498737,39.90930176,53.33323669,31.06388817,0.540109863,206.2302619,381.8302093,380.705658,80.87070249,324.6066589,509.6754761,6540.070522,0.540109863,21.62360692,40.03557131,40.60773468,5.160661645,33.76493073,46.37977982,26.63242861,0.540109863,164.5330487,304.6288545,308.7366028,16.83782991,277.4104004,314.2631531,283.5125161,0.540109863,13.89742806,25.730743,25.90252495,1.228929178,25.50789261,27.84063148,1.510266924,0.540109863,31.56808727,58.44752976,59.02280045,12.10924051,46.69778061,75.81167603,146.6337057,0.540109863,326.4565523,604.4262009,622.6410522,79.93421947,588.7230835,740.7716064,6389.479442,0.540109863,176.206397,326.2417689,325.4677429,49.76824044,291.3933716,405.0809937,2476.877757,0.540109863,87.04894083,161.1689526,161.2173157,29.17792182,156.5941467,211.4990845,851.3511218,0.540109863,45.48529651,84.21489712,84.19745636,9.408096912,77.05476379,98.85282898,88.51228751,0.540109863,20.93590035,38.76229967,38.41932297,11.7603617,31.25258064,57.69388199,138.3061073,0.540109863,70.6503886,130.8074403,129.3265381,29.18810686,115.0929489,178.8355408,851.9455821,0.540109863,1557.557379,2883.778814,2871.950684,162.0129683,2813.831787,3155.278564,26248.2019,0.540109863,161.7615739,299.4975376,302.3132019,49.9892548,249.2069702,369.9227295,2498.925596,0.540109863,117.8200515,218.1409,218.2724457,40.71331548,186.2485046,281.0343018,1657.574057,0.540109863,367.9206852,681.1960134,743.0936279,70.31834591,660.5373535,784.0352783,4944.669771,0.540109863,428.6007367,793.543622,830.2237549,52.0349406,779.4714355,874.6574097,2707.635044,0.540109863,48.76172797,90.28112861,90.88539124,9.249082761,80.64386749,103.0637207,85.54553192,0.540109863,31.93368002,59.12441566,59.48303223,10.59505967,49.44069672,74.70847321,112.2552893,0.540109863,41.97275393,77.71151174,81.97116852,11.40380702,75.19706726,96.83409882,130.0468145,0.540109863,147.4671807,273.0318236,274.4018555,40.85949778,235.740921,333.1650696,1669.498558,0.540109863,43.09988671,79.79837009,79.47121429,14.93552202,69.76780701,103.6414032,223.0698181,0.540109863,311.0860364,575.9680723,576.8834839,87.65063966,504.5625305,709.9393921,7682.634633,0.540109863,154.5454194,286.1370068,285.2921753,18.90820092,275.4195557,317.0721436,357.5200621,0.540109863,182.8218878,338.490186,338.049469,19.38221597,325.5464478,369.4623718,375.6702959,0.540109863,61.97736318,114.7495491,116.1114883,21.87849847,92.2205658,145.1895905,478.6686951,0.540109863,337.1606395,624.2445526,625.1065674,53.54019833,579.3248901,705.3687744,2866.552837,0.540109863,86.89100657,160.8765412,158.6573639,31.16904243,147.1457672,213.0404053,971.5092058,0.540109863,32.44061991,60.06300228,60.05009842,8.499027529,53.58218765,73.28038788,72.23346894,0.540109863,108.0113379,199.9803102,210.3736115,24.81193641,194.3299103,241.2955475,615.6321883,0.540109863,224.667515,415.9663257,414.2239075,38.60107433,394.1694031,479.1484985,1490.04294,0.540109863,575.8522296,1066.176105,1064.36377,186.4691819,930.7489014,1359.379883,34770.75579,0.540109863,44.71066948,82.78069439,82.93822479,2.232881337,78.92975616,83.10121918,4.985759066,0.540109863,176.6828374,327.1238865,332.3146973,34.72270249,280.2590027,364.456665,1205.666068,0.540109863,36.41617088,67.42363619,67.30999756,4.231428184,64.67701721,74.21761322,17.90498448
23,1504428260,Dren Sechura,1,13,40.420102,3.109238615,2.120210171,2.494126484,0.894934058,10.76989937,6.220666916,13,11495.4751,884.2673152,723.1173096,417.9472553,545.6704712,1885.270142,174679.9082,13,297.8094797,22.90842152,19.08235168,11.3245057,10.33396912,48.8915863,128.2444294,13,93.64594316,7.20353409,5.458554745,3.483812404,2.88121891,14.06812,12.13694887,13,129.9427247,9.995594208,9.013066292,3.860340835,6.164252758,21.55829048,14.90223136,13,895.3612919,68.87394553,51.07260513,52.73116177,13.74177361,226.528244,2780.575421,13,142.2108498,10.93929614,10.5248518,3.952345055,4.79429245,21.73335266,15.62103143,13,341.2128201,26.24714,23.61016655,14.80166264,6.042957306,64.39189148,219.0892169,13,31.93597218,2.456613245,2.148757696,1.888237002,0.435655922,7.869997501,3.565438977,13,86.54078412,6.656983394,5.433889389,3.213666359,3.560966253,15.96311378,10.32765147,13,1606.347313,123.5651779,91.89004517,90.53040399,47.7100296,400.1503906,8195.754046,13,764.8576241,58.83520185,54.17941284,28.65133885,32.73686218,136.3586273,820.8992178,13,367.1946049,28.24573884,23.31379128,15.88148363,16.35009766,77.18685913,252.2215224,13,220.4445906,16.9572762,16.51560402,4.144335245,9.9748106,26.21918869,17.17551463,13,81.38320446,6.260246497,5.899548054,2.604218119,2.703117132,13.1386776,6.781952013,13,279.7360849,21.51816038,17.992342,9.901479869,9.825695992,45.49157333,98.03930361,13,15355.59131,1181.199331,1161.653564,319.8500452,751.4498901,1990.11438,102304.0514,13,825.6847801,63.51421386,62.54493332,10.21362516,46.16333008,87.12924957,104.3181389,13,285.6517239,21.97320953,17.55963898,10.1606539,11.02566814,40.26539612,103.2388877,13,1551.913502,119.3779617,88.12258148,64.23139696,36.46844101,264.5712891,4125.672356,13,1756.832798,135.1409845,115.429924,73.68075299,43.17764664,311.7289124,5428.853361,13,243.483058,18.729466,17.36408424,4.528634817,13.63592052,28.64122963,20.50853331,13,103.2732582,7.944096785,7.486376762,2.460520605,4.997818947,12.62082958,6.054161648,13,217.1277199,16.7021323,16.41880608,8.685379467,8.326348305,41.53105927,75.43581649,13,632.6792469,48.66763438,47.51401138,22.00060571,18.41236496,110.092926,484.0266514,13,138.5567694,10.65821303,10.11981392,3.068309313,5.399128914,17.15134811,9.41452204,13,1419.975605,109.2288927,102.7162857,43.11897471,51.01051331,211.4860077,1859.24598,13,627.7397308,48.2876716,48.39719009,14.70833445,24.92381287,73.78953552,216.3351022,13,955.0102119,73.462324,71.9108963,19.82890978,47.39774704,118.6579971,393.1856632,13,197.6222363,15.20171048,15.20792007,6.891021793,6.188285828,34.33265305,47.48618135,13,1077.154541,82.85804162,72.5674057,28.38816458,51.23564148,152.3561554,805.8878883,13,735.1320152,56.54861656,49.62030029,30.47374317,32.9430275,153.6005249,928.649023,13,147.7576346,11.3659719,9.994106293,5.843434155,5.297007561,28.37382126,34.14572273,13,318.4958401,24.49968001,18.57155991,11.80225288,12.91297626,45.16881561,139.2931731,13,1177.52375,90.57875002,74.75759125,35.4968923,51.98426437,166.4868927,1260.029363,13,1373.863571,105.6818132,94.00944519,35.46416093,60.79140472,188.354538,1257.706711,13,129.9762168,9.998170523,9.373933792,4.478861935,5.294555664,23.57730293,20.06020424,13,474.529808,36.50229293,28.72979927,14.88107245,11.69828224,61.00895691,221.4463173,13,282.7005796,21.74619843,20.79726219,11.64400307,5.820469856,52.86260986,135.5828075
24,590515313,Las Gallegas,3,2,554.2767639,277.138382,277.138382,190.6849823,86.45339966,467.8233643,36360.76247,2,5970.625244,2985.312622,2985.312622,119.3717041,2865.940918,3104.684326,14249.60374,2,1579.319946,789.6599731,789.6599731,395.1442261,394.5157471,1184.804199,156138.9594,2,808.8041077,404.4020538,404.4020538,119.3012543,285.1007996,523.7033081,14232.78927,2,983.6350708,491.8175354,491.8175354,270.2187195,221.5988159,762.0362549,73018.15636,2,1760.616028,880.3080139,880.3080139,172.6473083,707.6607056,1052.955322,29807.09308,2,826.041275,413.0206375,413.0206375,269.5294724,143.4911652,682.5501099,72646.13647,2,2039.416382,1019.708191,1019.708191,242.812561,776.8956299,1262.520752,58957.9398,2,652.5195923,326.2597961,326.2597961,171.8421631,154.4176331,498.1019592,29529.72901,2,891.5457153,445.7728577,445.7728577,252.2338562,193.5390015,698.0067139,63621.91821,2,1984.159546,992.0797729,992.0797729,32.0947876,959.9849854,1024.174561,1030.075391,2,2215.956482,1107.978241,1107.978241,315.783844,792.194397,1423.762085,99719.43613,2,1766.49646,883.24823,883.24823,221.1167603,662.1314697,1104.36499,48892.62167,2,1061.76593,530.8829651,530.8829651,241.4078674,289.4750977,772.2908325,58277.75846,2,939.9706573,469.9853287,469.9853287,280.3462753,189.6390533,750.331604,78594.03409,2,917.3164673,458.6582336,458.6582336,174.0411072,284.6171265,632.6993408,30290.30699,2,4565.436279,2282.71814,2282.71814,14.84411621,2267.874023,2297.562256,220.3477861,2,2337.697998,1168.848999,1168.848999,446.125,722.723999,1614.973999,199027.5156,2,1944.689392,972.344696,972.344696,407.9950256,564.3496704,1380.339722,166459.9409,2,1666.20459,833.1022949,833.1022949,109.6644897,723.4378052,942.7667847,12026.30031,2,1962.90332,981.4516602,981.4516602,172.1853027,809.2663574,1153.636963,29647.77848,2,992.2814026,496.1407013,496.1407013,245.5794525,250.5612488,741.7201538,60309.2675,2,812.6941528,406.3470764,406.3470764,223.1890564,183.15802,629.5361328,49813.3549,2,1237.487213,618.7436066,618.7436066,278.5857391,340.1578674,897.3293457,77610.01405,2,2146.008179,1073.004089,1073.004089,326.0820923,746.9219971,1399.086182,106329.5309,2,1213.928665,606.9643326,606.9643326,366.8809433,240.0833893,973.8452759,134601.6266,2,2668.11377,1334.056885,1334.056885,217.1101074,1116.946777,1551.166992,47136.79874,2,2447.96283,1223.981415,1223.981415,577.1169739,646.8644409,1801.098389,333064.0015,2,1678.969299,839.4846497,839.4846497,313.5513611,525.9332886,1153.036011,98314.45604,2,1359.90921,679.9546051,679.9546051,388.1019135,291.8526917,1068.056519,150623.0952,2,2469.032166,1234.516083,1234.516083,337.0705872,897.4454956,1571.58667,113616.5807,2,1351.319672,675.6598358,675.6598358,211.959549,463.7002869,887.6193848,44926.85039,2,1143.152252,571.5761261,571.5761261,301.6083221,269.967804,873.1844482,90967.57999,2,1630.486389,815.2431946,815.2431946,174.929657,640.3135376,990.1728516,30600.38489,2,1675.083801,837.5419006,837.5419006,283.1525574,554.3893433,1120.694458,80175.37075,2,3269.828735,1634.914368,1634.914368,263.1801147,1371.734253,1898.094482,69263.7728,2,1071.765442,535.8827209,535.8827209,370.5313416,165.3513794,906.4140625,137293.4751,2,1871.50293,935.7514648,935.7514648,303.4162598,632.3352051,1239.167725,92061.42669,2,931.9877167,465.9938583,465.9938583,211.0916519,254.9022064,677.0855103,44559.68551
21,2422672503,VirrilÃ¡,1,20,99.59592319,4.979796159,5.050251007,1.677316734,2.484249353,9.531783104,2.813391425,20,23213.52942,1160.676471,1051.774109,469.9410801,541.038269,2423.436523,220844.6188,20,672.1350803,33.60675402,21.95153236,24.07472919,6.812309265,87.95102692,579.5925857,20,180.7237432,9.03618716,6.598302126,6.124891351,2.271924973,23.44147491,37.51429406,20,213.8314643,10.69157321,10.66802311,3.344335918,4.149356365,18.49784088,11.18458273,20,2117.649437,105.8824718,86.10661697,52.68852382,41.28480148,215.1800995,2776.080542,20,289.7811785,14.48905892,13.81043911,4.334438788,5.679542542,21.4754467,18.78735961,20,917.0835705,45.85417852,26.58186817,37.64951033,9.83355999,137.2905426,1417.485628,20,67.3627986,3.36813993,2.717494011,2.113285656,0.35098061,7.972765446,4.465976262,20,173.8149463,8.690747315,8.801356792,2.816612221,1.96610558,13.57549286,7.933304405,20,1965.389919,98.26949596,80.00156021,56.87858204,41.76974487,296.4944763,3235.173095,20,1317.590309,65.87951546,41.39929008,48.4826301,17.99782181,179.4134979,2350.565422,20,550.0226412,27.50113206,21.46179771,13.91380126,11.20510101,55.24399185,193.5938656,20,514.7685375,25.73842688,18.56670761,15.80146066,8.972661972,66.72345734,249.6861589,20,178.3504729,8.917523646,9.53255558,1.76007205,4.18878746,11.33697891,3.097853622,20,488.7016907,24.43508453,20.31361866,11.81974075,8.473366737,48.69110107,139.7062713,20,33305.79224,1665.289612,1465.912781,675.8379285,553.9235229,2951.236816,456756.9056,20,1438.841204,71.94206018,68.02754211,32.52930763,21.49314117,152.4973297,1058.155855,20,565.0949903,28.25474951,19.29053688,20.01161188,7.806536198,78.18053436,400.46461,20,2624.172604,131.2086302,123.3370323,58.73966808,55.39244461,304.4090576,3450.348606,20,2892.866077,144.6433039,137.4848938,63.3790683,56.47391891,334.2701111,4016.906299,20,497.7492633,24.88746316,17.29526711,16.65896387,5.543476582,63.13553619,277.5210773,20,177.4939981,8.874699903,7.631002188,4.085986206,3.475404263,18.96519089,16.69528328,20,302.9981637,15.14990819,12.68435144,7.294322258,5.788397789,33.53772354,53.2071372,20,1413.638235,70.68191175,55.47775841,39.96245285,21.61665916,178.0574188,1596.997638,20,224.9239054,11.24619527,10.5644412,3.929921516,4.348255634,20.26580238,15.44428312,20,3017.402597,150.8701299,93.79158783,118.829219,31.37872124,426.9240723,14120.3833,20,1497.405384,74.8702692,55.91700935,44.77170249,20.20553589,179.1951141,2004.505344,20,1602.157278,80.1078639,62.69901848,43.90948576,26.77491188,181.1915894,1928.042939,20,363.0787354,18.15393677,17.55496883,4.840377219,7.952073097,27.6275444,23.42925163,20,2155.08877,107.7544385,71.11464691,75.39320382,25.26651573,285.0669556,5684.135183,20,1303.050697,65.15253487,65.30720139,23.9073973,22.77584648,130.8431549,571.5636456,20,243.8893182,12.19446591,9.571487427,7.218742544,2.570486307,26.1801548,52.11024392,20,646.5969973,32.32984986,22.70943165,21.17399936,9.022014618,81.75313568,448.3382491,20,2083.088383,104.1544191,81.73250198,58.41233755,28.5256958,228.6614532,3412.001178,20,2530.651627,126.5325813,81.3874588,89.47668494,26.03404999,320.2194214,8006.077148,20,269.3465776,13.46732888,12.66731167,5.835471551,3.88120842,24.38183594,34.05272822,20,2167.536877,108.3768438,82.7792778,88.39919248,23.91296768,345.002533,7814.417231,20,501.8407116,25.09203558,22.84566021,9.648941328,16.2498436,63.23465729,93.10206875
22,1480546016,Ejidos,2,12,300.7234998,25.06029165,20.1883564,21.87351628,2.492740154,76.39613342,478.4507143,12,33591.19861,2799.266551,2777.05896,634.3953762,1777.306641,3738.163086,402457.4933,12,1849.471275,154.1226063,153.3558655,57.45962206,67.62284851,242.7669525,3301.608168,12,1076.614695,89.71789122,89.43136597,55.63699386,20.27213287,194.6194305,3095.475085,12,843.6469412,70.30391177,63.71374702,52.87723106,12.44258499,188.1191254,2796.001564,12,5195.354248,432.9461873,443.0092926,178.5907815,166.6225586,674.7769165,31894.66725,12,674.9721813,56.24768178,41.28289986,43.51153947,11.80747128,158.5928497,1893.254067,12,4337.277405,361.4397837,360.6344147,153.8503275,122.4654999,606.1680298,23669.92328,12,709.8572731,59.15477276,52.06524849,46.08798887,6.516514778,144.1860199,2124.102718,12,906.1696434,75.51413695,62.26148415,51.26404254,16.57655334,193.3540344,2628.002057,12,8025.945282,668.8287735,781.413269,219.4388515,297.0823669,935.1330566,48153.40953,12,5316.850418,443.0708682,394.5843201,256.4025354,115.6816711,825.3621826,65742.26013,12,3608.127899,300.6773249,219.0553818,225.9736517,58.5826149,715.56427,51064.09127,12,1589.973793,132.4978161,125.644783,89.22276011,22.09056091,290.4784851,7960.700921,12,798.1096759,66.50913966,50.29863358,56.33049002,6.89136076,176.7579803,3173.124106,12,1819.853485,151.6544571,174.2680969,73.59558468,48.20121384,256.7784729,5416.310085,12,29644.04846,2470.337372,2480.831543,379.1381861,1796.936279,2948.390869,143745.7641,12,4143.057259,345.2547716,349.9419708,180.9521818,104.2616501,723.793396,32743.6921,12,3631.10387,302.5919892,259.7525864,204.5856445,61.00242233,660.2669067,41855.28594,12,8394.958099,699.5798416,733.4835815,155.9970859,391.5921936,861.604187,24335.09081,12,8225.305359,685.4421132,684.4269714,120.7221659,489.7220459,882.5576172,14573.84134,12,1240.082684,103.3402236,103.7511597,45.57409905,38.65937424,185.4364929,2076.998504,12,875.6636105,72.97196754,74.60111618,43.40329315,14.38375473,141.3770752,1883.845856,12,1690.317379,140.8597816,121.4244156,90.64256172,34.40566635,300.8504333,8216.073995,12,4013.126793,334.4272327,320.0468903,174.1349288,106.0509872,646.6199341,30322.97343,12,1044.021765,87.00181373,83.3783989,47.65361319,20.35079193,176.1659393,2270.86685,12,8645.402466,720.4502055,720.8138428,308.4159018,282.1535339,1169.37439,95120.36848,12,4170.589607,347.5491339,356.0684814,155.437484,111.2230606,572.7087402,24160.81144,12,4325.755112,360.4795926,377.1804352,111.5356823,171.4756165,522.4541016,12440.20843,12,1475.953585,122.9961321,132.0165291,75.45252358,21.22933578,248.2267456,5693.083314,12,8030.709747,669.2258123,658.1439209,265.9215455,257.796814,1124.532349,70714.26837,12,2138.353844,178.1961536,188.1432571,71.09475115,79.22872162,306.1757202,5054.463641,12,1047.307405,87.27561712,66.74636459,61.26924563,23.08718872,217.8933868,3753.92046,12,4207.359909,350.6133258,343.9878082,218.6998717,78.09767151,707.8312378,47829.63389,12,4892.650543,407.7208786,447.4945831,113.0069788,215.0109406,567.1647949,12770.57727,12,10844.8559,903.7379913,962.4206543,336.1190477,302.7729797,1341.408936,112976.0142,12,1000.422777,83.36856476,87.86709976,39.14044293,23.389925,155.0174255,1531.974272,12,4283.953217,356.9961014,372.778595,167.0744415,107.0385437,572.3654785,27913.86901,12,1304.141571,108.6784643,122.9826355,70.24081218,18.1382885,212.8703308,4933.771696
11,89703202.92,Q. Las Damas,2,2,224.2028542,112.1014271,112.1014271,69.62171745,42.47970963,181.7231445,4847.183541,2,6442.731689,3221.365845,3221.365845,18.97106934,3202.394775,3240.336914,359.9014717,2,976.0803528,488.0401764,488.0401764,195.5366058,292.5035706,683.5767822,38234.56422,2,619.9108276,309.9554138,309.9554138,107.0973206,202.8580933,417.0527344,11469.83607,2,543.7639771,271.8819885,271.8819885,150.9881592,120.8938293,422.8701477,22797.42421,2,1500.726257,750.3631287,750.3631287,125.141449,625.2216797,875.5045776,15660.38225,2,359.5449982,179.7724991,179.7724991,107.9156723,71.85682678,287.6881714,11645.79233,2,1559.237854,779.618927,779.618927,198.374054,581.244873,977.992981,39352.26528,2,381.36026,190.68013,190.68013,91.85548401,98.824646,282.535614,8437.429942,2,507.7486267,253.8743134,253.8743134,133.7427216,120.1315918,387.6170349,17887.11557,2,1917.198547,958.5992737,958.5992737,63.89474487,894.7045288,1022.494019,4082.538422,2,1615.564758,807.7823792,807.7823792,205.5846252,602.1977539,1013.367004,42265.03814,2,1292.516113,646.2580566,646.2580566,231.1642456,415.093811,877.4223022,53436.90845,2,626.1804962,313.0902481,313.0902481,117.6515427,195.4387054,430.7417908,13841.88549,2,380.797142,190.398571,190.398571,99.2219429,91.17662811,289.6205139,9844.993953,2,626.1702271,313.0851135,313.0851135,113.300415,199.7846985,426.3855286,12836.98405,2,5352.625488,2676.312744,2676.312744,117.855957,2558.456787,2794.168701,13890.02661,2,1426.479828,713.2399139,713.2399139,268.141922,445.0979919,981.3818359,71900.09033,2,1167.156769,583.5783844,583.5783844,206.4888763,377.0895081,790.0672607,42637.65605,2,1617.813538,808.9067688,808.9067688,72.62020874,736.2865601,881.5269775,5273.694717,2,1813.355957,906.6779785,906.6779785,144.2824707,762.3955078,1050.960449,20817.43135,2,622.5606232,311.2803116,311.2803116,128.6169968,182.6633148,439.8973083,16542.33186,2,453.9645844,226.9822922,226.9822922,106.7672501,120.2150421,333.7495422,11399.24569,2,680.7983704,340.3991852,340.3991852,132.0193634,208.3798218,472.4185486,17429.11231,2,1553.282288,776.6411438,776.6411438,243.6788635,532.9622803,1020.320007,59379.38853,2,582.6746521,291.337326,291.337326,142.2549591,149.0823669,433.5922852,20236.47339,2,2339.29187,1169.645935,1169.645935,98.51434326,1071.131592,1268.160278,9705.075828,2,1591.737,795.8684998,795.8684998,270.5023499,525.3661499,1066.37085,73171.52128,2,1158.398926,579.1994629,579.1994629,164.7468872,414.4525757,743.9463501,27141.53684,2,702.1934509,351.0967255,351.0967255,166.4789581,184.6177673,517.5756836,27715.2435,2,1813.349976,906.6749878,906.6749878,163.7859497,742.8890381,1070.460938,26825.83732,2,907.3543396,453.6771698,453.6771698,136.8180695,316.8591003,590.4952393,18719.18413,2,536.5929413,268.2964706,268.2964706,139.1918716,129.104599,407.4883423,19374.37713,2,1240.616333,620.3081665,620.3081665,67.94726563,552.3609009,688.2554321,4616.830906,2,1201.217804,600.608902,600.608902,130.8651581,469.7437439,731.4740601,17125.6896,2,3118.530884,1559.265442,1559.265442,166.3302612,1392.935181,1725.595703,27665.7558,2,387.8933792,193.9466896,193.9466896,107.635067,86.31162262,301.5817566,11585.30765,2,1320.608093,660.3040466,660.3040466,124.3234558,535.9805908,784.6275024,15456.32166,2,578.650589,289.3252945,289.3252945,104.8191147,184.5061798,394.1444092,10987.0468
12,234114816.9,,2,2,29.20442486,14.60221243,14.60221243,4.455938816,10.14627361,19.05815125,19.85539073,2,6869.587646,3434.793823,3434.793823,63.91809082,3370.875732,3498.711914,4085.522334,2,327.028244,163.514122,163.514122,28.09783173,135.4162903,191.6119537,789.4881477,2,171.9485626,85.97428131,85.97428131,20.30246735,65.67181396,106.2767487,412.1901803,2,85.41481781,42.70740891,42.70740891,8.622184753,34.08522415,51.32959366,74.34206992,2,820.6658325,410.3329163,410.3329163,73.96066284,336.3722534,484.2935791,5470.179648,2,61.09754944,30.54877472,30.54877472,5.474647522,25.0741272,36.02342224,29.97176549,2,555.9133759,277.9566879,277.9566879,55.3957901,222.5608978,333.352478,3068.693561,2,73.93443871,36.96721935,36.96721935,10.11549854,26.85172081,47.0827179,102.3233108,2,82.90768051,41.45384026,41.45384026,10.55067253,30.90316772,52.00451279,111.3166909,2,1626.083374,813.041687,813.041687,83.68017578,729.3615112,896.7218628,7002.371819,2,753.0703125,376.5351563,376.5351563,71.27127075,305.2638855,447.806427,5079.594035,2,457.4268036,228.7134018,228.7134018,47.28366852,181.4297333,275.9970703,2235.745309,2,227.9557343,113.9778671,113.9778671,21.85138702,92.1264801,135.8292542,477.4831149,2,98.1004715,49.05023575,49.05023575,14.14324188,34.90699387,63.19347763,200.0312909,2,223.5888901,111.794445,111.794445,18.8129921,92.98145294,130.6074371,353.9286716,2,6688.830566,3344.415283,3344.415283,69.80932617,3274.605957,3414.224609,4873.342021,2,478.9539795,239.4769897,239.4769897,35.51852417,203.9584656,274.9955139,1261.565559,2,443.4179993,221.7089996,221.7089996,44.95884705,176.7501526,266.6678467,2021.297928,2,1693.936218,846.9681091,846.9681091,56.99935913,789.96875,903.9674683,3248.926941,2,1413.104736,706.5523682,706.5523682,25.2097168,681.3426514,731.762085,635.529821,2,180.8218079,90.41090393,90.41090393,12.70470428,77.70619965,103.1156082,161.409511,2,102.7434616,51.3717308,51.3717308,10.13750839,41.23422241,61.5092392,102.7690764,2,265.8076096,132.9038048,132.9038048,31.94314957,100.9606552,164.8469543,1020.364804,2,586.0246124,293.0123062,293.0123062,53.92119598,239.0911102,346.9335022,2907.495376,2,140.1160431,70.05802155,70.05802155,15.32978058,54.72824097,85.38780212,235.0021726,2,1554.57019,777.2850952,777.2850952,115.3029785,661.9821167,892.5880737,13294.77685,2,692.2443237,346.1221619,346.1221619,52.28259277,293.8395691,398.4047546,2733.469507,2,696.3118286,348.1559143,348.1559143,40.50558472,307.6503296,388.661499,1640.702393,2,147.951992,73.97599602,73.97599602,15.97880745,57.99718857,89.95480347,255.3222875,2,1211.055298,605.5276489,605.5276489,81.25158691,524.276062,686.7792358,6601.820376,2,405.7152863,202.8576431,202.8576431,31.06188202,171.7957611,233.9195251,964.8405146,2,141.5632935,70.78164673,70.78164673,15.49765015,55.28399658,86.27929688,240.1771601,2,944.906189,472.4530945,472.4530945,96.94552612,375.5075684,569.3986206,9398.435035,2,753.823761,376.9118805,376.9118805,36.20518494,340.7066956,413.1170654,1310.815416,2,2314.241333,1157.120667,1157.120667,187.0773315,970.043335,1344.197998,34997.92798,2,112.4682121,56.23410606,56.23410606,4.631567001,51.60253906,60.86567307,21.45141289,2,729.9583435,364.9791718,364.9791718,44.37135315,320.6078186,409.3505249,1968.81698,2,169.4661713,84.73308563,84.73308563,11.45048523,73.2826004,96.18357086,131.113612
9,230784680.2,RÃ­o Seco,3,1.871017693,52.27819832,27.94104969,27.78017044,11.208673,10.82288074,46.08214951,125.6343504,1.871017693,4132.205174,2208.533457,2244.527222,344.7873744,1844.119263,2887.084229,118878.3336,1.871017693,232.4742171,124.2501436,109.6553116,27.79732793,97.45037079,180.2499084,772.6914399,1.871017693,149.2259131,79.75654836,68.52552032,28.02578972,41.266819,127.0590897,785.4448892,1.871017693,121.6501007,65.01814557,58.87041473,32.56906101,22.31646156,123.0492172,1060.743735,1.871017693,876.6084537,468.5195961,433.2742157,144.8447667,249.6220398,633.0858765,20980.00643,1.871017693,112.1166262,59.92280386,55.62372971,29.79194935,21.03967667,115.5183716,887.5602461,1.871017693,610.5101526,326.298439,288.5177612,111.8873966,171.2814789,456.9405823,12518.78952,1.871017693,118.7909004,63.4899931,54.1417408,30.00306954,23.68960571,114.7334824,900.184182,1.871017693,94.06911636,50.27697852,34.04337311,41.65267192,4.790446281,127.8288193,1734.945078,1.871017693,1102.808511,589.4163987,548.0264282,185.4254053,314.0759583,787.4084473,34382.58094,1.871017693,1096.818393,586.2148696,548.5776825,177.0610336,302.7790527,810.4555664,31350.60961,1.871017693,675.8225846,361.2058759,310.4439545,161.3158457,149.1632996,610.6404419,26022.80207,1.871017693,346.3472034,185.1116666,175.7329178,40.75671705,130.6832581,252.385498,1661.109985,1.871017693,141.6875039,75.72750618,64.39251137,29.91919863,31.15690994,111.7250137,895.1584464,1.871017693,285.0951525,152.3743755,136.8945503,46.97022166,79.94149017,220.9059143,2206.201723,1.871017693,3991.911303,2133.550804,2070.326233,323.0753166,1690.17749,2628.697266,104377.6602,1.871017693,676.2817312,361.4512753,323.5356903,130.1542216,179.3700867,581.5671387,16940.1214,1.871017693,745.5938986,398.4964447,359.9430084,138.7430498,198.5594788,628.1002197,19249.63387,1.871017693,1197.912873,640.2466835,603.4081116,191.267657,366.7033081,861.604187,36583.31662,1.871017693,981.6681313,524.6706832,507.2000885,100.4661036,370.2287292,624.1077271,10093.43797,1.871017693,180.8469605,96.65700179,89.99612808,33.50103888,47.44447708,151.7100983,1122.319606,1.871017693,120.3705779,64.33428093,60.90201378,26.54808471,23.97624016,107.3333664,704.8008015,1.871017693,370.1181239,197.8164746,192.4066315,44.81353776,112.7971039,234.9510345,2008.253167,1.871017693,803.4028482,429.3935067,400.6034851,87.79782063,311.9898987,566.52771,7708.457307,1.871017693,186.4248439,99.6382047,95.07171249,26.36863289,48.32440567,127.8822937,695.3048003,1.871017693,1619.326503,865.47899,816.8529968,232.2428921,504.3439941,1169.37439,53936.76091,1.871017693,859.2677785,459.2515516,443.8096924,62.16586609,350.6713257,540.6932373,3864.594906,1.871017693,680.1981049,363.5444536,338.1677856,100.3266065,211.5963745,502.7974548,10065.42797,1.871017693,281.2631933,150.326314,152.7694931,33.52481014,113.3293991,213.9146118,1123.912895,1.871017693,1499.056701,801.1985708,756.4613647,222.5529435,479.8132935,1124.532349,49529.81265,1.871017693,361.8733981,193.4099284,191.1056366,21.30848577,153.6566467,218.1968536,454.0515656,1.871017693,204.2147225,109.1463343,102.0952072,31.41576636,51.21471786,143.0741577,986.9503757,1.871017693,889.4092052,475.3611943,453.6547241,130.7645007,291.1984863,655.8947144,17099.35463,1.871017693,692.4326323,370.083423,334.2362518,101.558867,215.3340302,513.1517334,10314.20346,1.871017693,1768.537115,945.2273603,904.0101624,180.1562248,641.7640381,1158.498169,32456.26533,1.871017693,149.3594544,79.82792195,77.78412628,24.51737334,47.48135376,118.975029,601.1015956,1.871017693,782.3903957,418.1630129,377.6730804,101.7963828,297.0519104,553.8696899,10362.50356,1.871017693,170.7434497,91.25699363,82.16667938,38.18417964,36.62229919,154.6308136,1458.031575
10,884943599.7,Unidad HidrogrÃ¡fica 13784,2,7,119.422884,17.060412,15.35678482,6.545201425,8.570587158,29.37194633,42.83966169,7,20938.34912,2991.192732,2971.913086,326.280871,2350.956543,3436.418701,106459.2068,7,1015.004738,145.0006768,129.0656433,33.52260732,110.1762924,215.9086456,1123.765202,7,530.7284431,75.81834902,66.68330383,31.72356588,44.10237885,143.7754822,1006.384632,7,278.1517696,39.73596709,37.4497261,17.69002402,21.84680367,75.62443542,312.9369499,7,2975.466461,425.0666373,414.7436523,97.43473548,276.6463013,596.071228,9493.527678,7,245.0957165,35.01367378,32.70882797,9.388400579,24.51396179,52.4381218,88.14206543,7,1930.821884,275.8316977,256.1568298,87.28731355,184.0843353,455.4213867,7619.075107,7,252.067131,36.00959015,30.17574692,17.75969823,16.12813377,70.79359436,315.4068811,7,210.2764044,30.03948634,21.22481346,21.41348175,13.24231911,78.62667084,458.5372005,7,4394.105957,627.7294224,600.0432129,170.4885666,382.5076904,926.513855,29066.35135,7,3080.481583,440.0687975,448.1495972,115.5027661,253.7822723,602.9569092,13340.88898,7,1622.342369,231.7631956,211.7294159,87.47093426,111.0911026,383.9440613,7651.16434,7,940.8311691,134.4044527,131.0192566,21.26765209,97.82305908,165.5515289,452.3130254,7,380.3120079,54.33028684,48.20886612,22.23761805,23.944767,94.39936829,494.5116565,7,757.2330322,108.1761475,100.0226974,30.54280264,66.4537735,162.6797638,932.8627933,7,21043.22168,3006.174526,3059.305664,415.2174851,2198.438477,3541.839844,172405.5599,7,1632.970306,233.2814723,213.4742584,56.1389538,170.8213806,344.8915405,3151.582134,7,1676.623535,239.5176479,224.8454742,74.5452739,132.395813,357.495636,5556.997861,7,5184.153625,740.5933751,754.7039185,112.7889342,538.9841919,862.3771973,12721.34367,7,4088.941406,584.1344866,587.7896118,83.49197776,442.9569397,696.2970581,6970.91035,7,571.6404305,81.66291864,74.39646149,18.67791483,62.12163162,121.0764618,348.8645025,7,301.0356674,43.00509535,41.13967514,16.43633309,26.83990288,77.51784515,270.1530453,7,1016.515228,145.2164612,150.4723969,48.58917828,64.1593399,215.4242706,2360.908246,7,2382.697006,340.3852866,342.9406128,58.92921543,230.3808136,436.1106262,3472.652432,7,487.0174751,69.57392502,63.26527405,23.38307617,38.06974411,113.1457748,546.7682513,7,5313.994507,759.1420724,758.010498,132.3975644,579.7786255,1002.849365,17529.11506,7,2596.942719,370.9918169,371.584198,60.56312212,264.3813782,447.3216858,3667.891761,7,2261.702408,323.100344,314.3502197,51.62648703,249.0835724,416.1515503,2665.294164,7,610.6201706,87.23145294,86.48728943,27.54853833,42.89980316,122.0771942,758.9219643,7,4532.781372,647.540196,674.9611816,112.4445898,431.2981567,776.1855469,12643.78578,7,1407.622101,201.0888715,195.8844452,47.44239458,131.5906677,289.8938599,2250.780804,7,568.0724792,81.15321132,79.13536835,27.03123898,40.82596588,125.3175201,730.6878807,7,3243.849274,463.4070391,479.3634033,155.2239694,219.0578918,702.6873169,24094.48068,7,2391.885773,341.6979675,310.1577148,59.92990585,281.8695068,452.3707886,3591.593616,7,7411.688599,1058.812657,1113.690918,250.2748449,606.2633667,1388.959229,62637.498,7,366.7873192,52.39818845,52.71786499,10.5385912,37.54668427,70.25946808,111.0619046,7,2944.684204,420.669172,401.1141968,49.8087691,363.6777649,504.7153931,2480.913479,7,492.9684181,70.42405973,60.45595932,28.03360501,42.4985466,127.2537537,785.8830096
15,147706982.9,,2,1.194937601,11.22572861,9.394405699,6.879937172,3.860630212,3.685972929,13.17476177,14.90446563,1.194937601,3918.695341,3279.414204,3273.372314,467.7292355,2451.513916,3459.655762,218770.6378,1.194937601,143.2073634,119.8450558,115.0389023,18.33820861,87.9280014,139.742981,336.2898952,1.194937601,63.35072009,53.01592322,52.28721619,11.51229975,33.90956497,55.02379608,132.5330455,1.194937601,38.48181303,32.2040356,28.13473892,10.06461359,15.49561214,39.90930176,101.2964468,1.194937601,348.0020622,291.2303219,272.3576355,39.50520074,215.0323029,324.6066589,1560.660886,1.194937601,29.94816182,25.06253197,20.9426384,6.660714628,15.64842129,33.76493073,44.36511935,1.194937601,285.519586,238.9410006,233.995163,37.72955241,181.1242676,277.4104004,1423.519125,1.194937601,28.01187545,23.44212403,21.47399712,6.413406357,12.74133682,25.90252495,41.13178109,1.194937601,46.52476556,38.93489127,35.33647919,7.637446401,26.63945961,46.69778061,58.33058753,1.194937601,823.2899948,688.9815789,622.6410522,151.1395229,436.4561157,790.7549438,22843.15539,1.194937601,322.9795718,270.289906,268.0840759,48.92799884,183.5446777,291.3933716,2393.94907,1.194937601,194.7014915,162.9386266,161.2173157,34.37483699,104.9866028,169.2868652,1181.629418,1.194937601,80.23729722,67.14768802,57.91136551,16.23615366,39.78955841,77.05476379,263.6126855,1.194937601,31.93798477,26.72774273,24.54818344,7.611287921,13.57216835,31.25258064,57.93170381,1.194937601,121.6498437,101.8043483,86.10708618,23.05190503,63.21523666,115.0929489,531.3903256,1.194937601,3395.191456,2841.312763,2813.831787,248.9691562,2479.327393,3063.18457,61985.64075,1.194937601,243.5836974,203.8463743,192.0046539,42.92451018,133.3348694,249.2069702,1842.513574,1.194937601,186.1004187,155.7407003,135.0112457,36.18389832,94.0511322,186.2485046,1309.274498,1.194937601,1004.733606,840.8251657,743.0936279,148.0349995,586.0352783,945.8639526,21914.36106,1.194937601,1007.654914,843.2699024,830.2237549,90.00932778,687.4854736,872.1442261,8101.679087,1.194937601,84.90304805,71.0522859,64.0533371,10.48597827,53.14360428,80.64386749,109.9557402,1.194937601,46.20669891,38.66871281,30.30714035,10.55052386,21.62028694,49.44069672,111.3135537,1.194937601,105.4103694,88.21412041,81.97116852,18.73415287,55.77851486,95.62246704,350.9684839,1.194937601,252.1863829,211.0456502,192.9087677,34.04314835,152.6655426,235.740921,1158.93595,1.194937601,69.52799191,58.18545828,48.47839737,13.13314199,36.20707703,69.76780701,172.4794186,1.194937601,590.7716457,494.3953938,491.9528503,59.56284782,380.3538513,522.5701904,3547.73284,1.194937601,305.6891704,255.8201953,238.6979828,43.04004106,179.3832397,275.4195557,1852.445135,1.194937601,362.6528813,303.4910619,294.2502747,35.01911293,239.1620941,325.5464478,1226.338271,1.194937601,76.02918047,63.62606752,49.52901459,23.29124613,29.17139244,92.2205658,542.4821464,1.194937601,637.2977948,533.3314429,500.6459656,75.27886603,394.4045715,579.3248901,5666.907671,1.194937601,186.0643341,155.7105024,147.1457672,29.65177638,110.9154968,175.3501282,879.2278425,1.194937601,62.09371704,51.96398289,52.41296387,10.86263254,34.72158813,53.58218765,117.9967858,1.194937601,293.5042777,245.6230999,210.3736115,76.15437835,126.0390549,308.278595,5799.489342,1.194937601,464.4500832,388.6814533,379.1524048,57.32557421,293.9846497,396.019989,3286.221458,1.194937601,1093.950827,915.4878267,923.7034302,217.3531729,540.2169189,936.890686,47242.40175,1.194937601,81.62882443,68.31220674,52.84253693,18.7878206,35.67332458,82.93822479,352.9822029,1.194937601,291.998718,244.3631515,224.8848114,44.04530286,163.5029602,280.2590027,1939.988704,1.194937601,70.95240003,59.37749384,59.87290573,19.42458562,28.56420898,64.67701721,377.3145267
16,775522337.6,Dren DS 13.08,1,7,22.08325887,3.154751267,3.170598507,0.457034135,2.458004951,4.034208775,0.2088802,7,11154.76569,1593.537955,1618.525391,439.4252959,789.2366333,2116.801514,193094.5906,7,269.7599525,38.53713608,36.86602402,12.40743315,23.38026428,63.52205276,153.9443974,7,112.3536806,16.0505258,14.29505539,7.570095448,7.383565903,32.8248291,57.3063451,7,75.15733719,10.73676246,10.70154285,1.271327286,8.886518478,12.93137455,1.616273069,7,644.2822456,92.04032081,87.18218994,31.14337521,54.75493622,156.8593597,969.9098194,7,110.9860058,15.85514368,16.14180946,3.583970538,10.92992592,21.0180912,12.84484482,7,435.0726643,62.15323775,58.18953323,25.03057148,31.83747292,116.4690628,626.5295088,7,30.28298628,4.326140898,3.726433277,2.706243913,1.233941913,10.43759251,7.323756115,7,56.74104691,8.105863844,7.096374512,3.43657433,5.406190395,16.3360424,11.81004313,7,1311.3666,187.3380857,143.4861145,122.2456166,72.99498749,465.2438354,14943.99078,7,527.286171,75.32659585,67.02345276,36.13004955,41.33660507,157.4342957,1305.38048,7,309.2226601,44.17466572,36.44319153,23.14943652,21.373909,97.7338028,535.8964111,7,158.2635479,22.60907827,20.7273674,3.565374217,19.99234962,29.85084915,12.71189331,7,66.01896191,9.431280272,8.589504242,1.330361905,8.151810646,11.27514648,1.769862799,7,231.865406,33.12362943,33.30853271,9.066924736,19.80783081,48.28280258,82.20912417,7,12221.87366,1745.981951,1704.977905,282.3770544,1339.275635,2136.355713,79736.80084,7,426.1454353,60.87791933,57.01918411,10.253591,51.51778793,83.7138443,105.1361284,7,278.7265644,39.81808063,37.56472015,15.69863566,18.80694962,72.06877136,246.4471617,7,1955.875778,279.4108255,217.4056702,159.0860355,118.5293884,644.2253418,25308.3667,7,1987.564896,283.9378422,230.3660736,147.0647831,142.2304993,602.7642822,21628.05044,7,181.1449223,25.87784604,24.27869797,7.302370517,17.51045799,40.74121094,53.32461516,7,74.67952728,10.6685039,11.12757683,2.333197985,6.96384573,14.258111,5.443812836,7,187.6102648,26.8014664,22.1336174,13.92806577,12.723876,57.78757477,193.9910161,7,432.3550072,61.76500102,51.61067963,24.70077382,40.54600525,117.7718735,610.1282271,7,108.2601986,15.46574266,14.1915741,4.340471285,11.09352589,25.18491745,18.83969097,7,1235.119286,176.4456122,158.2988892,67.05700633,109.9980316,325.0879211,4496.642098,7,565.6477699,80.80682428,70.02945709,23.95607671,56.92535782,132.7306366,573.8936116,7,717.1502533,102.4500362,87.97891998,39.04071878,65.23935699,191.9089661,1524.177723,7,126.3747978,18.05354255,17.83580208,0.881786076,16.75265884,19.29508972,0.777546683,7,967.1858444,138.1694063,112.8640594,68.59165236,78.79267883,297.2381287,4704.814774,7,490.4058952,70.05798503,67.38817596,19.9602933,50.28846359,114.1560745,398.4133084,7,121.6335745,17.37622493,16.4917469,6.385332251,8.780714989,30.95747375,40.77246796,7,471.2050934,67.31501334,57.56372833,39.21824711,26.43404388,158.1271973,1538.070907,7,1071.974602,153.1392288,145.3221283,48.79274909,87.96496582,255.6732025,2380.732364,7,1463.678604,209.0969434,178.9910431,96.15273788,123.6626587,432.556366,9245.349002,7,108.4996538,15.49995055,15.9706068,2.911077646,10.82904816,20.462286,8.474373061,7,584.0832214,83.44046021,77.05727386,25.65491252,46.15633392,128.3032837,658.1745363,7,232.6052361,33.22931944,32.43795013,6.313798813,24.34607506,45.76795959,39.86405546
13,83447682.34,,2,0.675594192,11.24087319,16.63849887,16.79675102,4.320747838,10.14627361,21.35533142,18.66886188,0.675594192,2483.311089,3675.743694,3545.470215,268.3392696,3370.875732,4071.678467,72005.96359,0.675594192,121.7455382,180.2051286,178.4362793,29.49274842,135.4162903,213.668457,869.8222094,0.675594192,64.24149349,95.08887775,94.53965378,20.50270554,65.67181396,118.3258743,420.3609345,0.675594192,36.80562246,54.4788912,51.88490295,12.22445162,34.08522415,67.43161011,149.4372174,0.675594192,288.8036673,427.4809803,441.9848328,63.61145403,336.3722534,489.8034058,4046.417084,0.675594192,23.93405227,35.4266697,33.78084564,6.911934574,25.0741272,43.70002747,47.77483956,0.675594192,217.2691409,321.597112,309.0709991,65.97504593,222.5608978,399.7614746,4352.706686,0.675594192,30.83824488,45.64610718,43.26376534,12.25571359,26.85172081,60.03572845,150.2025155,0.675594192,34.9777573,51.77332449,49.00046539,13.28066934,30.90316772,67.15237427,176.376178,0.675594192,562.4820149,832.5737875,856.4794312,77.64241517,729.3615112,927.8562012,6028.344633,0.675594192,255.7292274,378.5249053,391.6824646,55.82144816,305.2638855,447.806427,3116.034074,0.675594192,146.8268941,217.3300125,222.5534973,35.71389419,181.4297333,275.9970703,1275.482238,0.675594192,81.04259337,119.9575046,118.7586975,22.53888699,92.1264801,145.8757935,508.0014268,0.675594192,32.14528053,47.58075326,49.4965477,10.98970812,34.90699387,63.19347763,120.7736846,0.675594192,97.07225342,143.6842629,139.9708405,29.25081334,92.98145294,169.1546326,855.6100809,0.675594192,2123.520516,3143.189422,3275.039795,191.164829,2948.390869,3414.224609,36543.99184,0.675594192,206.9085495,306.2615873,284.3245392,63.80814423,203.9584656,374.6973877,4071.47927,0.675594192,160.7926889,238.0018818,245.6142044,39.71222838,176.7501526,277.4234924,1577.061083,0.675594192,537.2977464,795.2965746,838.3293762,79.78270935,722.6975708,903.9674683,6365.280712,0.675594192,504.2148489,746.3279809,715.1466675,74.38045307,681.3426514,870.4650879,5532.451799,0.675594192,70.13570851,103.8133681,98.57094955,17.48953233,77.70619965,124.9244308,305.8837412,0.675594192,50.17126645,74.26243013,63.20106888,22.46961176,41.23422241,100.3054581,504.8834525,0.675594192,82.24393596,121.7357061,124.1637497,24.49914269,100.9606552,164.8469543,600.2079924,0.675594192,204.664724,302.940325,309.6043091,48.83204059,239.0911102,353.7910461,2384.568188,0.675594192,50.37822774,74.56876978,76.66179657,13.73828941,54.72824097,88.72037506,188.7405959,0.675594192,524.9210708,776.9768855,792.8494263,96.81366219,661.9821167,892.5880737,9372.885187,0.675594192,233.0262311,344.9204182,351.8433685,43.59643708,293.8395691,398.4047546,1900.649326,0.675594192,243.9160311,361.039266,375.2789612,32.01767404,307.6503296,388.661499,1025.131451,0.675594192,72.54461519,107.37898,93.51755142,32.24359022,57.99718857,143.5780182,1039.64911,0.675594192,423.3151446,626.5819775,652.9917297,63.02660946,524.276062,686.7792358,3972.3535,0.675594192,129.264076,191.3339067,194.0477676,23.63782805,171.7957611,233.9195251,558.746915,0.675594192,43.86268218,64.92459931,65.91165733,11.99463276,55.28399658,86.27929688,143.8712149,0.675594192,261.3233562,386.8052145,378.0603485,91.76750946,373.4346313,569.3986206,8421.275793,0.675594192,280.9185469,415.8095946,425.4960785,41.3207731,340.7066956,442.1732788,1707.40629,0.675594192,776.1709247,1148.871518,1194.718323,136.4212276,970.043335,1344.197998,18610.75135,0.675594192,54.86566408,81.2109766,76.17901039,19.56086478,51.60253906,92.79597473,382.6274308,0.675594192,254.0194289,375.9940983,379.0429382,41.71330505,320.6078186,421.1235657,1739.999818,0.675594192,86.13232524,127.4912163,113.9565086,34.88474485,73.2826004,158.0047607,1216.945423
14,333386457.9,,2,3,25.49131584,8.497105281,6.879937172,4.420466307,4.07602787,14.5353508,19.54052237,3,9873.352539,3291.117513,3459.655762,716.1168061,2342.018311,4071.678467,512823.28,3,352.2692413,117.4230804,104.867775,35.07562977,82.14086151,165.2606049,1230.299804,3,170.0431252,56.68104172,55.02379608,20.68478269,32.21677017,82.8025589,427.8602351,3,98.37785912,32.79261971,28.13473892,14.51912767,17.80290794,52.44021225,210.8050683,3,884.1934814,294.7311605,272.3576355,78.17085637,212.1597595,399.6760864,6110.682786,3,66.78639412,22.26213137,18.97841454,6.651782562,16.26971054,31.53826904,44.24621126,3,606.822403,202.2741343,181.1242676,60.6130699,140.9086151,284.7895203,3673.944243,3,72.23996258,24.07998753,21.47399712,11.62836915,11.32115269,39.44481277,135.2189691,3,92.7347002,30.91156673,30.82208252,12.28036072,15.91619968,45.996418,150.8072594,3,2100.382996,700.1276652,790.7549438,231.965525,381.7718506,927.8562012,53808.00481,3,813.4094696,271.1364899,271.4227905,73.04229479,181.5355072,360.4511719,5335.176828,3,468.9518738,156.3172913,169.2868652,49.95087954,89.69534302,209.9696655,2495.090367,3,211.7348671,70.57828903,57.91136551,22.12400987,52.13536072,101.6881409,489.4718126,3,81.70672894,27.23557631,24.54818344,12.34837755,13.6358099,43.5227356,152.4824282,3,288.4730377,96.15767924,86.10708618,39.95251703,53.03170776,149.3342438,1596.203617,3,8908.410156,2969.470052,3063.18457,295.6321819,2569.751953,3275.473633,87398.38699,3,579.003212,193.0010707,159.4162292,72.47283647,125.9334183,293.6535645,5252.312025,3,449.7183228,149.9061076,135.0112457,55.87591435,90.14651489,224.5605621,3122.117804,3,2283.317108,761.1057027,886.6900024,220.7710166,450.7631531,945.8639526,48739.84179,3,2179.251038,726.4170125,870.4650879,204.9032185,436.6417236,872.1442261,41985.32895,3,213.0265579,71.00885264,64.0533371,16.6949795,54.94692993,94.02629089,278.7223404,3,116.7120152,38.90400505,30.30714035,18.72441663,21.51197624,64.89289856,350.6037782,3,260.6572533,86.88575109,95.62246704,28.93093101,47.90163803,117.1331482,836.9987694,3,605.6987,201.8995667,192.9087677,54.1653025,140.5148163,272.275116,2933.879995,3,144.5775356,48.19251188,48.47839737,16.23829053,28.16334724,67.93579102,263.6820792,3,1665.50412,555.16804,522.5701904,124.0458986,422.188324,720.7456055,15387.38495,3,726.7781982,242.2593994,238.6979828,62.01505892,168.1501312,319.9300842,3845.867533,3,856.7991486,285.5997162,294.2502747,71.7993525,193.6582489,368.890625,5155.14702,3,165.966116,55.32203865,41.8141861,30.13469751,27.07163048,97.08029938,908.0999938,3,1456.6586,485.5528666,500.6459656,131.6998889,317.2380371,638.7745972,17344.86073,3,480.9364395,160.3121465,175.3501282,32.58243179,115.0729141,190.5133972,1061.614861,3,145.8243198,48.60810661,52.41296387,13.09896104,31.00483513,62.40652084,171.5827803,3,854.3212891,284.773763,308.278595,83.6547887,172.6080627,373.4346313,6998.123672,3,1064.366821,354.7889404,379.1524048,79.67079509,247.339325,437.8750916,6347.43559,3,2629.658051,876.5526835,923.7034302,286.9514152,503.9153137,1202.039307,82341.1147,3,174.5457859,58.18192863,52.67925262,25.25294727,30.37418556,91.49234772,637.7113458,3,798.3943939,266.1314646,224.8848114,58.40978604,224.774231,348.7353516,3411.703105,3,228.8130302,76.27101008,59.87290573,40.29162659,37.2106781,131.7294464,1623.415174
3,245158401.5,Charanal,2,2,294.731575,147.3657875,147.3657875,77.08228683,70.28350067,224.4480743,5941.678944,2,5990.908203,2995.454102,2995.454102,525.2304688,2470.223633,3520.68457,275867.0453,2,1070.428192,535.2140961,535.2140961,130.3874054,404.8266907,665.6015015,17000.87549,2,643.9443359,321.972168,321.972168,42.05081177,279.9213562,364.0229797,1768.27077,2,632.8206024,316.4103012,316.4103012,112.6225967,203.7877045,429.0328979,12683.8493,2,1517.292847,758.6464233,758.6464233,21.34533691,737.3010864,779.9917603,455.623408,2,487.1344757,243.5672379,243.5672379,125.4336472,118.1335907,369.000885,15733.59984,2,1548.311768,774.1558838,774.1558838,76.36383057,697.7920532,850.5197144,5831.434619,2,486.1401367,243.0700684,243.0700684,80.51797485,162.5520935,323.5880432,6483.144275,2,678.0026855,339.0013428,339.0013428,138.3531494,200.6481934,477.3544922,19141.59395,2,1861.25708,930.62854,930.62854,75.09570313,855.5328369,1005.724243,5639.364628,2,1688.365173,844.1825867,844.1825867,105.3871765,738.7954102,949.5697632,11106.45697,2,1441.889893,720.9449463,720.9449463,177.7175903,543.227356,898.6625366,31583.54191,2,665.8802185,332.9401093,332.9401093,78.69987488,254.2402344,411.6399841,6193.670306,2,434.7854919,217.392746,217.392746,100.1743011,117.2184448,317.5670471,10034.89061,2,709.4407043,354.7203522,354.7203522,62.90104675,291.8193054,417.6213989,3956.541683,2,5012.904297,2506.452148,2506.452148,590.005127,1916.447021,3096.457275,348106.0498,2,1431.94519,715.9725952,715.9725952,172.5703735,543.4022217,888.5429688,29780.53382,2,1258.955078,629.4775391,629.4775391,146.2374878,483.2400513,775.7150269,21385.40284,2,1711.358521,855.6792603,855.6792603,15.22607422,840.453186,870.9053345,231.8333361,2,1986.535889,993.2679443,993.2679443,71.96411133,921.303833,1065.232056,5178.833319,2,734.7655334,367.3827667,367.3827667,107.8318024,259.5509644,475.2145691,11627.6976,2,545.0942993,272.5471497,272.5471497,82.49209595,190.0550537,355.0392456,6804.945894,2,701.0079346,350.5039673,350.5039673,94.04718018,256.4567871,444.5511475,8844.872099,2,1602.976074,801.4880371,801.4880371,116.2966919,685.1913452,917.784729,13524.92055,2,708.2907257,354.1453629,354.1453629,124.2047043,229.9406586,478.3500671,15426.80857,2,2138.905884,1069.452942,1069.452942,64.4331665,1005.019775,1133.886108,4151.632946,2,1767.731567,883.8657837,883.8657837,156.0845337,727.78125,1039.950317,24362.38166,2,1276.561798,638.280899,638.280899,134.3892059,503.8916931,772.670105,18060.45867,2,856.1489258,428.0744629,428.0744629,116.5743408,311.5001221,544.6488037,13589.57694,2,1805.008301,902.5041504,902.5041504,79.73242188,822.7717285,982.2365723,6357.259098,2,916.2858887,458.1429443,458.1429443,59.47998047,398.6629639,517.6229248,3537.868077,2,567.6473999,283.8237,283.8237,114.9483948,168.8753052,398.7720947,13213.13346,2,1177.76825,588.8841248,588.8841248,39.74081421,549.1433105,628.624939,1579.332314,2,1289.240295,644.6201477,644.6201477,65.88204956,578.7380981,710.5021973,4340.444454,2,3010.812744,1505.406372,1505.406372,240.1867676,1265.219604,1745.59314,57689.68332,2,501.6100769,250.8050385,250.8050385,124.2861176,126.5189209,375.091156,15447.03902,2,1217.305359,608.6526794,608.6526794,65.09255981,543.5601196,673.7452393,4237.041343,2,655.447937,327.7239685,327.7239685,53.11053467,274.6134338,380.8345032,2820.728893
4,590515313,Corrales,3,3,885.5788422,295.1929474,236.89505,130.1555291,173.1410065,475.5427856,16940.46176,3,7388.173096,2462.724365,2417.543457,459.0413763,1924.469482,3046.160156,210718.9852,3,1895.062286,631.6874288,479.5364685,252.8658198,427.496521,988.0292969,63941.12283,3,938.0732422,312.6910807,300.3095093,78.70373356,223.0881348,414.6755981,6194.277676,3,1420.97052,473.65684,386.9829102,151.6274587,347.1348877,686.8527222,22990.88623,3,2312.546387,770.8487956,756.8274536,104.5924538,650.3372192,905.3817139,10939.58139,3,1238.695709,412.8985697,344.8326721,153.0306588,269.019043,624.8439941,23418.38252,3,2558.784851,852.9282837,864.6748657,136.8708683,679.7320557,1014.37793,18733.63459,3,883.4431,294.4810333,243.7090149,103.1781976,201.3965302,438.3375549,10645.74047,3,1220.202774,406.734258,325.4681091,170.1776615,251.1849823,643.5496826,28960.43649,3,2584.414551,861.4715169,897.9991455,109.4643997,712.9273071,973.4880981,11982.45479,3,3034.441101,1011.480367,965.1537476,144.5660712,862.1925049,1207.094849,20899.34896,3,2363.296875,787.765625,772.0476685,100.5974385,673.1726685,918.0765381,10119.84464,3,1417.142822,472.3809408,430.6977844,91.0165841,387.7572937,598.6877441,8284.018581,3,1382.252899,460.7509664,350.3435669,164.514826,338.598114,693.3112183,27065.12799,3,1317.393433,439.1311442,391.7155151,77.17818044,377.7006836,547.9772339,5956.471537,3,5054.570435,1684.856812,1816.901245,205.0921209,1395.188965,1842.480225,42062.77807,3,3719.141968,1239.713989,1201.209106,186.4760918,1033.02832,1484.904541,34773.33281,3,2853.838562,951.2795207,831.0952759,224.3370749,757.0932617,1265.650024,50327.12316,3,2082.955078,694.3183594,657.6815796,108.1162838,584.0793457,841.1941528,11689.13082,3,2587.387573,862.4625244,836.1749878,129.2905729,718.9033813,1032.309204,16716.05225,3,1359.405762,453.1352539,357.6438904,151.2894146,335.0684509,666.6934204,22888.48698,3,1161.393829,387.1312764,303.0826111,124.8767339,294.6447754,563.6664429,15594.19867,3,1937.448181,645.8160604,518.0366821,188.6944631,506.8197632,912.5917358,35605.60039,3,3164.73761,1054.912537,1027.933594,176.1627187,853.9164429,1282.887573,31033.30346,3,1628.615723,542.8719076,398.0908203,229.0600334,364.3011475,866.2237549,52468.49892,3,3717.963135,1239.321045,1173.735352,162.8622072,1080.907104,1463.320679,26524.09854,3,2781.442993,927.1476644,771.0623169,236.4812132,749.039856,1261.34082,55923.3642,3,2112.829468,704.2764893,627.4541626,143.6468938,579.8214722,905.553833,20634.43009,3,2095.773804,698.5912679,614.1907959,185.2618899,525.9884033,955.5946045,34321.96785,3,3550.391968,1183.463989,1085.264282,177.5402117,1032.442871,1432.684814,31520.52677,3,1884.879089,628.2930298,650.3390503,143.3758864,442.7121582,791.8278809,20556.64481,3,1853.741425,617.9138082,570.7634888,158.9982046,451.0860291,831.8919067,25280.42906,3,2315.386719,771.7955729,752.1304932,136.1743578,615.7210693,947.5351563,18543.45573,3,2471.373657,823.7912191,792.8119507,144.1820637,664.7445679,1013.817139,20788.46748,3,3926.423218,1308.807739,1356.91626,209.4956722,1031.579956,1537.927002,43888.43669,3,1667.375336,555.7917786,445.407959,158.5789512,441.9201355,780.0472412,25147.28375,3,2568.64032,856.2134399,833.9714355,158.0176511,674.7640991,1059.904785,24969.57805,3,1521.698517,507.2328389,433.529541,119.6722735,412.144928,676.0240479,14321.45305
1,1166985258,Huarmaca,3,10,1831.674515,183.1674515,145.1779327,98.84164458,59.08834839,396.0133667,9769.670703,10,15812.41376,1581.241376,1690.416626,310.013405,884.0835571,2027.44873,96108.31125,10,3720.888824,372.0888824,327.1754456,186.9487094,147.127243,796.1546631,34949.81993,10,2025.106339,202.5106339,176.1601181,95.77350904,95.70350647,427.3281555,9172.565034,10,2972.8022,297.28022,257.7883606,146.5420796,114.5448761,611.4754028,21474.58109,10,5286.588409,528.6588409,521.0742493,103.8142408,389.6376953,774.2897339,10777.39659,10,2675.06176,267.506176,264.2024384,106.5128991,107.7884598,495.0508118,11344.99768,10,5155.783203,515.5783203,498.4084625,142.2028561,314.4096985,847.2466431,20221.65227,10,2148.33194,214.833194,187.3339005,95.86590869,87.0772171,418.6799316,9190.272449,10,2819.621208,281.9621208,256.7410889,148.1457097,77.09007263,599.7624512,21947.15129,10,5702.247284,570.2247284,574.6714478,125.9959073,352.0516357,850.4945068,15874.96866,10,7952.00531,795.200531,779.59021,172.0078104,543.3544922,1166.044922,29586.68685,10,6479.765015,647.9765015,623.3404236,189.1591805,343.4256287,1064.732422,35781.19555,10,3627.395584,362.7395584,342.6682587,119.1421957,221.5158539,651.1157227,14194.86281,10,2696.211533,269.6211533,234.1017303,119.6785699,105.2191162,505.5220642,14322.9601,10,2928.286728,292.8286728,280.2032928,82.60623803,172.8763275,479.6205139,6823.790561,10,14245.97144,1424.597144,1556.906006,293.0780459,758.7032471,1754.234619,85894.74096,10,7628.366547,762.8366547,798.2060547,183.2425149,468.1157532,1161.578247,33577.81926,10,7853.507141,785.3507141,787.7084961,196.1943342,486.5632935,1230.577271,38492.21676,10,6592.857452,659.2857452,631.3763123,166.6832248,423.2628479,1049.383789,27783.29743,10,6156.654663,615.6654663,593.0646057,135.562627,422.2381592,925.0360107,18377.22585,10,2891.682556,289.1682556,261.8186493,123.6368313,136.9485931,581.2537231,15286.06605,10,2235.560501,223.5560501,203.2361755,86.09971627,105.6260986,412.6539001,7413.161142,10,4816.937607,481.6937607,448.2483215,162.8139035,249.4387665,848.5680542,26508.36716,10,6519.381378,651.9381378,654.0996094,161.3568267,447.7976379,1028.512085,26036.02553,10,3552.188522,355.2188522,326.1500702,137.8987168,167.9487915,649.4401245,19016.0561,10,10117.49573,1011.749573,1043.043152,167.5458485,736.4963379,1361.613403,28071.61135,10,8239.382996,823.9382996,812.9114075,230.5175274,517.017395,1342.086304,53138.33045,10,5355.636261,535.5636261,511.8094025,129.3788705,364.3900757,831.5892334,16738.89214,10,4200.389908,420.0389908,369.9877167,167.6632436,223.914032,773.9707031,28110.96327,10,9460.869629,946.0869629,956.7978821,185.0446498,689.1405029,1376.547485,34241.52241,10,3645.493362,364.5493362,348.7648315,103.5784948,247.1793976,609.7035522,10728.50458,10,2972.911041,297.2911041,289.1237183,101.1543583,145.4085236,522.1694946,10232.20421,10,5284.075287,528.4075287,514.787674,111.1667634,363.8258057,769.4755859,12358.04927,10,5308.207367,530.8207367,505.4673004,134.9459197,348.3117065,849.6998901,18210.40124,10,9252.32959,925.232959,897.6842957,210.9779081,651.7577515,1426.182739,44511.67771,10,3032.227127,303.2227127,280.3838348,116.9727837,143.2684326,563.5122681,13682.63213,10,5322.211151,532.2211151,490.3529053,153.2448391,365.794281,905.7008057,23483.98072,10,2974.499115,297.4499115,269.8433228,123.3863042,129.656723,567.4200439,15224.18007
2,685657649.4,Bigote,3,5,946.4637375,189.2927475,180.4842987,91.15664453,69.09398651,303.0055542,8309.533841,5,6780.401001,1356.0802,1345.080933,214.2813687,1035.631958,1631.12793,45916.50496,5,1437.105118,287.4210236,280.5229187,143.2555467,90.73320007,451.4248352,20522.15165,5,820.0199738,164.0039948,150.9137421,64.25657741,76.38795471,249.8928833,4128.90774,5,1292.022568,258.4045135,255.791748,70.04276925,156.0109406,355.4483948,4905.989525,5,2493.318054,498.6636108,515.21698,52.90314464,411.6950989,566.6773682,2798.742713,5,1372.752884,274.5505768,287.1164551,64.39040656,174.3663483,347.7279663,4146.124457,5,2353.386444,470.6772888,480.667511,49.46641783,391.9393005,539.4295044,2446.926493,5,937.8886871,187.5777374,183.2308044,40.75150324,135.2737427,242.6830292,1660.685017,5,1334.197037,266.8394073,274.4472961,87.98753133,137.2100525,361.4976196,7741.80567,5,2675.899811,535.1799622,500.7310181,113.6770133,362.042572,679.0681152,12922.46336,5,3387.426819,677.4853638,659.7941895,95.02285698,524.0844116,807.8566895,9029.343349,5,2930.890808,586.1781616,588.4171143,18.56437984,554.605957,612.1980591,344.636199,5,1490.242462,298.0484924,297.3814392,25.56088503,261.8972473,341.4219666,653.3588433,5,1265.947281,253.1894562,239.4665833,104.3626891,113.8578949,391.6157532,10891.57087,5,1310.536911,262.1073822,251.9396667,26.51971613,237.0290527,312.7978821,703.2953439,5,6098.516418,1219.703284,1032.571167,338.0071389,830.1755981,1765.050293,114248.8259,5,3887.506165,777.5012329,781.4970703,56.73758775,673.9216919,831.9215698,3219.153864,5,3549.750916,709.9501831,710.9041748,35.10859257,652.0958252,761.0535889,1232.613273,5,2731.491547,546.2983093,532.9714966,60.66071769,472.5385437,652.427124,3679.72267,5,2728.661438,545.7322876,548.8477173,47.86830668,474.3619385,607.2459717,2291.374784,5,1389.328171,277.8656342,262.7709045,74.04876868,179.6921997,369.3852844,5483.220144,5,1103.504639,220.7009277,211.7080078,50.82397747,157.068573,286.8410339,2583.076685,5,2036.130127,407.2260254,409.6341553,85.85258294,294.7434082,513.5877075,7370.665997,5,3112.827759,622.5655518,639.6082764,58.27723308,517.3353882,681.0394287,3396.235896,5,1519.156235,303.8312469,296.0518188,88.729287,196.0872498,406.5062256,7872.886372,5,4677.210754,935.4421509,910.647522,154.3636551,694.0247192,1154.193237,23828.13803,5,2896.428741,579.2857483,596.163147,41.25221753,502.1152649,612.8201294,1701.745451,5,2360.158691,472.0317383,481.7832336,39.41533407,401.0583496,511.4678345,1553.56856,5,1804.568542,360.9137085,351.9238586,75.48650413,261.9356079,465.7906494,5698.212305,5,4367.713013,873.5426025,834.6347656,130.1056558,678.3364868,1060.146851,16927.48167,5,1609.90303,321.9806061,306.6046753,76.25463901,219.6834259,415.9709473,5814.76997,5,1580.650757,316.1301514,316.319397,88.0937284,189.0441895,424.8745422,7760.504983,5,2229.253113,445.8506226,461.8838196,35.60101523,384.3114014,486.4762268,1267.432286,5,2289.073212,457.8146423,481.4643555,46.32184846,378.5651855,500.5318298,2145.713645,5,3812.438538,762.4877075,785.4563599,76.23011551,635.5280762,866.0813599,5811.03051,5,1517.08107,303.416214,299.3739929,70.09639797,220.8958893,397.7428284,4913.505008,5,2207.301514,441.4603027,427.7520752,44.67726515,383.7189636,512.5096436,1996.058021,5,1493.937683,298.7875366,289.5919189,63.61212252,208.7415466,381.2996216,4046.502131
7,183682592.6,Paccha,2,2,218.9452934,109.4726467,109.4726467,52.25437355,57.21827316,161.7270203,2730.519555,2,7505.476318,3752.738159,3752.738159,17.94299316,3734.795166,3770.681152,321.9510037,2,837.6867981,418.843399,418.843399,114.5748138,304.2685852,533.4182129,13127.38797,2,443.8832092,221.9416046,221.9416046,63.70777893,158.2338257,285.6493835,4058.681096,2,488.5243073,244.2621536,244.2621536,99.39794159,144.864212,343.6600952,9879.950792,2,1436.519653,718.2598267,718.2598267,126.5991211,591.6607056,844.8589478,16027.33746,2,399.9659805,199.9829903,199.9829903,94.68122482,105.3017654,294.6642151,8964.534334,2,1273.85495,636.927475,636.927475,152.4447784,484.4826965,789.3722534,23239.41047,2,393.5143814,196.7571907,196.7571907,87.20563889,109.5515518,283.9628296,7604.823453,2,525.054245,262.5271225,262.5271225,123.0972672,139.4298553,385.6243896,15152.93718,2,2130.264587,1065.132294,1065.132294,96.26126099,968.8710327,1161.393555,9266.230367,2,1575.235657,787.6178284,787.6178284,181.3564758,606.2613525,968.9743042,32890.17133,2,1559.872101,779.9360504,779.9360504,370.6020355,409.3340149,1150.538086,137345.8687,2,630.1750183,315.0875092,315.0875092,111.1547089,203.9328003,426.242218,12355.3693,2,341.6796646,170.8398323,170.8398323,70.70156479,100.1382675,241.5413971,4998.711264,2,724.4710388,362.2355194,362.2355194,70.98912048,291.2463989,433.2246399,5039.455227,2,6017.629639,3008.814819,3008.814819,31.85998535,2976.954834,3040.674805,1015.058667,2,1246.27832,623.1391602,623.1391602,134.4204102,488.71875,757.5595703,18068.84667,2,1088.457886,544.2289429,544.2289429,125.5922852,418.6366577,669.821228,15773.42209,2,2353.170227,1176.585114,1176.585114,159.4003601,1017.184753,1335.985474,25408.4748,2,2515.580322,1257.790161,1257.790161,138.3522949,1119.437866,1396.142456,19141.35751,2,554.8223114,277.4111557,277.4111557,96.22614288,181.1850128,373.6372986,9259.470574,2,427.0717621,213.535881,213.535881,56.29346466,157.2424164,269.8293457,3168.954163,2,440.9179535,220.4589767,220.4589767,46.49936676,173.95961,266.9583435,2162.191109,2,1469.827209,734.9136047,734.9136047,217.1202698,517.793335,952.0338745,47141.21155,2,521.9022369,260.9511185,260.9511185,91.40862274,169.5424957,352.3597412,8355.536312,2,1795.794556,897.8972778,897.8972778,105.972229,791.9250488,1003.869507,11230.11332,2,1337.762085,668.8810425,668.8810425,147.6636963,521.2173462,816.5447388,21804.5672,2,1370.519287,685.2596436,685.2596436,150.6728516,534.586792,835.9324951,22702.3082,2,757.9985657,378.9992828,378.9992828,107.5311737,271.4681091,486.5304565,11562.95332,2,2029.50531,1014.752655,1014.752655,184.6633606,830.0892944,1199.416016,34100.55675,2,741.1830444,370.5915222,370.5915222,101.5838928,269.0076294,472.175415,10319.28728,2,410.9582214,205.4791107,205.4791107,83.94697571,121.532135,289.4260864,7047.094731,2,1215.415344,607.7076721,607.7076721,172.7902527,434.9174194,780.4979248,29856.47142,2,1480.962585,740.4812927,740.4812927,164.6499329,575.8313599,905.1312256,27109.60039,2,3188.225464,1594.112732,1594.112732,93.30328369,1500.809448,1687.416016,8705.502748,2,546.7050476,273.3525238,273.3525238,100.5900116,172.7625122,373.9425354,10118.35043,2,1155.94519,577.9725952,577.9725952,137.2600708,440.7125244,715.232666,18840.32704,2,531.6354523,265.8177261,265.8177261,59.31850433,206.4992218,325.1362305,3518.684956
8,457006138.2,Q. San Francisco,2,4,172.917387,43.22934675,32.78476048,21.00396976,27.93041611,79.41744995,441.1667455,4,13417.69385,3354.423462,3305.84375,257.7384085,3078.101074,3727.905273,66429.08721,4,1091.470795,272.8676987,261.0714493,63.92236557,196.9554291,372.372467,4086.06882,4,366.9825706,91.74564266,78.46916199,33.37703978,62.10100937,147.9432373,1114.026784,4,386.0959854,96.52399635,76.10548782,40.72207254,67.11785889,166.7671509,1658.287192,4,2064.994476,516.2486191,496.805069,88.14967776,419.8515625,651.5327759,7770.36569,4,329.4320755,82.35801888,65.62404823,34.28185774,56.8277626,141.3562164,1175.24577,4,1616.752472,404.188118,378.9861755,68.35572016,339.5326843,519.2474365,4672.504479,4,258.0953789,64.52384472,48.45815659,30.75991102,43.51659012,117.6624756,946.1721262,4,447.449646,111.8624115,97.39322662,39.64856764,74.41902161,178.2441711,1572.008916,4,3155.561951,788.8904877,752.4917603,101.1210169,694.1174927,956.4609375,10225.46005,4,1882.494843,470.6237106,420.6723022,97.95540999,401.7171936,639.4330444,9595.262346,4,1338.706696,334.6766739,276.0751801,129.684951,230.8996582,555.6566772,16818.18651,4,646.8031769,161.7007942,137.980011,51.0000243,121.6290894,249.2140656,2601.002478,4,328.8422241,82.21055603,73.41181183,28.45599039,53.9079895,128.110611,809.7433892,4,865.9638214,216.4909554,192.6192093,45.98527932,184.7788391,295.9465637,2114.645914,4,11947.30591,2986.826477,2955.695068,124.5353699,2855.284668,3180.631104,15509.05835,4,1715.137238,428.7843094,399.9292297,78.92662729,354.0677795,561.2109985,6229.412495,4,1368.312286,342.0780716,310.0196533,74.76210768,279.1020508,469.170929,5589.372744,4,3360.787598,840.1968994,783.8938293,133.7490268,732.3034058,1060.696533,17888.80218,4,3725.915649,931.4789124,885.7757874,146.4965043,785.5966187,1168.767456,21461.22577,4,588.4335022,147.1083755,132.9313812,36.42159173,113.9029541,208.6677856,1326.532344,4,446.3199081,111.579977,96.2305069,31.61893851,87.84751129,166.0113831,999.7572723,4,474.0649643,118.5162411,107.8751221,24.96163426,97.28156281,161.0331573,623.083185,4,1689.367035,422.3417587,387.2235413,94.46263536,333.8590393,581.0609131,8923.189479,4,521.7576523,130.4394131,116.1147804,35.57573739,99.26358032,190.2645111,1265.633091,4,2822.252991,705.5632477,692.606781,82.02050438,610.7189941,826.3204346,6727.363139,4,1638.353088,409.5882721,372.7032928,74.16567072,355.7185974,537.2279053,5500.546714,4,1851.487122,462.8717804,418.3912354,82.5233819,409.4367065,605.2679443,6810.108561,4,800.6216583,200.1554146,167.0830307,62.92733311,157.7492065,308.7063904,3959.849253,4,3093.992004,773.4980011,725.8390198,106.7073567,686.2164917,956.0974731,11386.45998,4,852.7739716,213.1934929,195.7276306,42.3568038,178.0023346,283.3163757,1794.098828,4,386.3173294,96.57933235,85.32413864,27.81589755,72.09004211,143.57901,773.7241565,4,1281.785126,320.4462814,290.2579041,70.89971755,260.1351929,441.1341248,5026.769949,4,2078.788239,519.6970596,484.9254456,71.91719442,465.7627258,643.1746216,5172.082853,4,5476.901978,1369.225494,1351.428345,138.400655,1205.559814,1568.485474,19154.7413,4,516.7798538,129.1949635,114.544899,43.00247013,86.71941376,200.9706421,1849.212437,4,1780.82782,445.206955,444.9692688,58.08571265,363.9992065,526.8900757,3373.950015,4,509.1639328,127.2909832,114.0263176,39.98597047,87.62710571,193.4841919,1598.877834
5,214159242.1,Yapatera,2,1.734312849,251.7631987,145.1659652,161.7270203,101.9746414,21.35533142,361.6514587,10398.82748,1.734312849,5032.006601,2901.441113,3520.68457,782.1446868,1729.781494,3770.681152,611750.3111,1.734312849,860.0665384,495.9119913,531.5871582,200.9136754,213.668457,871.5198975,40366.30498,1.734312849,494.5047134,285.1300524,279.9873352,96.55719222,118.3258743,417.0527344,9323.291369,1.734312849,514.3860492,296.5935757,343.6600952,150.8533518,67.43161011,545.4923096,22756.73376,1.734312849,1214.467288,700.2584851,742.0777588,129.9861626,489.8034058,875.5045776,16896.40248,1.734312849,419.2621408,241.7453928,287.6881714,152.1512967,43.70002747,540.3375244,23150.0171,1.734312849,1222.941993,705.1449767,711.6678467,180.0781831,399.7614746,977.992981,32428.15204,1.734312849,397.0807923,228.9556885,270.519989,101.983165,60.03572845,378.0227966,10400.56594,1.734312849,562.5524588,324.3661945,385.6243896,167.9194371,67.15237427,600.06427,28196.93736,1.734312849,1522.533841,877.8888092,878.5626221,178.0097268,597.4522705,1161.393555,31687.46282,1.734312849,1366.416376,787.8719098,875.2935791,205.0168307,422.9137573,1013.367004,42031.90086,1.734312849,1214.708861,700.3977756,869.9247437,292.2963869,235.1373291,1150.538086,85437.1778,1.734312849,539.1344772,310.863451,323.5578003,113.6888292,145.8757935,468.0715637,12925.14988,1.734312849,364.1016756,209.9400208,241.5413971,131.6842835,55.4703598,491.9805603,17340.75052,1.734312849,587.018342,338.4731552,393.9979553,91.36281541,169.1546326,433.2246399,8347.164039,1.734312849,4055.274357,2338.259997,2833.074219,668.1978051,1252.105835,3096.457275,446488.3067,1.734312849,1179.009247,679.8134765,686.8745117,232.5039219,374.6973877,1092.125488,54058.07368,1.734312849,1018.618802,587.332789,606.2227173,205.8507259,277.4234924,938.3604736,42374.52136,1.734312849,1453.416826,838.0361289,840.453186,203.0782757,646.2020874,1335.985474,41240.78608,1.734312849,1624.636962,936.7611863,921.303833,228.4504955,671.3473511,1396.142456,52189.62892,1.734312849,602.3716755,347.3258449,373.6372986,146.8949874,124.9244308,599.2579956,21578.13732,1.734312849,445.5406525,256.8975101,269.2356873,101.4627973,100.3054581,436.816925,10294.69923,1.734312849,549.1172055,316.6194645,292.5034485,159.2699874,131.1943512,657.4126587,25366.92888,1.734312849,1273.27116,734.1646355,803.1530762,227.8609008,353.7910461,1020.320007,51920.59011,1.734312849,569.0445388,328.1095099,352.3597412,175.7813245,88.72037506,687.8114014,30899.07403,1.734312849,1653.586328,953.453311,1003.869507,163.7375213,707.3961182,1268.160278,26809.97588,1.734312849,1386.138632,799.2437083,785.1416016,272.7184409,383.7566528,1279.869507,74375.34803,1.734312849,1073.168227,618.7858368,686.8637695,165.3254331,381.6672974,837.3442993,27332.49884,1.734312849,703.4467489,405.6054531,432.2822571,165.3865928,143.5780182,704.4025269,27352.72507,1.734312849,1517.897024,875.2152333,975.7214355,180.1140749,667.2088623,1199.416016,32441.07999,1.734312849,725.235953,418.1690481,433.4395752,139.6393215,197.5821381,630.4333496,19499.1401,1.734312849,471.0076764,271.5817257,289.4260864,159.2318971,69.41679382,587.2587891,25354.79704,1.734312849,961.5620773,554.4340389,619.465271,135.7828923,366.9200745,780.4979248,18436.99383,1.734312849,1087.668731,627.1467874,710.5021973,144.4653755,442.1732788,905.1312256,20870.24471,1.734312849,2371.049778,1367.140755,1341.408936,299.1325594,864.4194336,1745.59314,89480.28807,1.734312849,460.6169843,265.5904814,301.5817566,144.8017417,92.79597473,561.0570679,20967.5444,1.734312849,993.8485564,573.0503336,577.4091187,141.8111557,403.1109009,802.7244873,20110.40389,1.734312849,536.9357669,309.5956807,325.1362305,91.23108165,158.0047607,473.5281067,8323.110258
6,129449065.3,Q. Sol Sol,2,1.048064034,82.82310119,79.02484819,57.21827316,39.74495712,19.02138138,117.6606979,1579.661617,1.048064034,3780.841903,3607.453151,3666.710693,97.98828226,3520.68457,3738.163086,9601.703461,1.048064034,386.6901102,368.9565691,304.2685852,122.1954942,166.96875,473.639679,14931.73879,1.048064034,226.0560825,215.6891899,158.2338257,84.23196828,83.2008667,279.9213562,7095.024481,1.048064034,203.774799,194.4297222,144.864212,86.44402311,59.99588394,275.299469,7472.569131,1.048064034,699.1484276,667.0856025,591.6607056,152.0403614,396.2151794,777.925415,23116.27151,1.048064034,148.5963136,141.7817125,105.3017654,67.74355295,38.86577225,206.8575439,4589.188966,1.048064034,625.669084,596.9760088,484.4826965,161.8039371,321.5073547,711.6678467,26180.51406,1.048064034,167.7124723,160.0212075,109.5515518,72.89680913,44.09476852,226.0010071,5313.944781,1.048064034,211.3037326,201.6133802,139.4298553,94.29237244,57.37059402,290.9857483,8891.0515,1.048064034,1044.556258,996.6530901,968.8710327,96.20303987,843.2477417,1085.773438,9255.02488,1.048064034,738.4071052,704.543884,606.2613525,200.137789,366.2548828,875.2935791,40055.13459,1.048064034,555.3680758,529.8989925,409.3340149,215.7483871,202.9734344,737.5447998,46547.36654,1.048064034,261.5946159,249.5979324,203.9328003,85.58668509,105.4137726,323.5578003,7325.080665,1.048064034,136.2351923,129.9874701,100.1382675,55.16533845,45.12690735,182.7724152,3043.214566,1.048064034,337.0113968,321.5561128,291.2463989,83.87448427,179.3815613,393.9979553,7034.929112,1.048064034,3019.1981,2880.7382,2940.862549,124.9013193,2833.074219,3096.457275,15600.33957,1.048064034,587.15238,560.2256741,488.71875,133.4565173,329.4810791,672.2016602,17810.642,1.048064034,505.6139029,482.4265373,418.6366577,142.2019919,242.0816803,606.2227173,20221.40651,1.048064034,1010.268243,963.9375174,870.9053345,113.1514913,799.3521729,1076.492554,12803.25999,1.048064034,1120.337403,1068.958925,1065.232056,139.0593643,865.8444824,1203.586548,19337.50681,1.048064034,249.0851634,237.6621612,181.1850128,85.90207126,100.2623291,313.361969,7379.165847,1.048064034,208.0609509,198.519312,157.2424164,70.01803027,75.21870422,255.0749969,4902.524563,1.048064034,236.3358746,225.4975526,173.95961,74.86591197,111.65448,292.5034485,5604.904775,1.048064034,657.891228,627.7204508,517.793335,205.577581,286.3027344,803.1530762,42262.14183,1.048064034,233.1071132,222.4168616,169.5424957,92.50391139,78.03642273,308.8885193,8556.973623,1.048064034,948.3824333,904.88978,801.4682007,174.6845263,640.1594849,1133.886108,30514.68371,1.048064034,662.8939868,632.493784,521.2173462,186.6926145,328.3803101,785.1416016,34854.13229,1.048064034,598.3675208,570.9264905,503.8916931,126.0961229,372.693573,686.8637695,15900.2322,1.048064034,345.5408189,329.6943771,271.4681091,121.2069715,120.45504,432.2822571,14691.12994,1.048064034,903.9666221,862.5108702,822.7717285,127.8864028,649.0789795,975.7214355,16354.93203,1.048064034,356.3339947,339.9925797,269.0076294,105.9589617,182.1618805,433.4395752,11227.30156,1.048064034,179.0277819,170.817599,121.532135,73.12089811,64.07593536,242.7595215,5346.66574,1.048064034,532.4200523,508.0033614,434.9174194,121.9112699,321.055542,619.465271,14862.35773,1.048064034,654.735337,624.7092885,575.8313599,103.8637408,466.6766052,723.9031372,10787.67666,1.048064034,1606.291305,1532.627065,1500.809448,203.4592333,1205,1745.59314,41395.65963,1.048064034,210.3245063,200.6790611,129.9053955,68.75371245,108.16082,262.2239075,4727.072975,1.048064034,523.7548567,499.7355502,440.7125244,95.40831013,342.4462891,577.4091187,9102.745641,1.048064034,281.52701,268.6162303,206.4992218,76.84842849,133.7451782,326.7598877,5905.680962
